id,merchant_id,order_id,amount,currency,status,method,fee,tax,amount_refunded,customer_email,captured_at,created_at
pay_0001,mer_001,ord_1001,5000.0,INR,captured,upi,40.0,7.2,0.0,customer_1@example.com,2026-08-17T06:47:00,2026-08-17T06:47:00
pay_0002,mer_001,ord_1002,5000.0,INR,captured,upi,40.0,7.2,0.0,customer_2@example.com,2026-08-24T09:35:00,2026-08-24T09:35:00
pay_0003,mer_001,ord_1003,8000.0,INR,captured,card,160.0,28.8,0.0,customer_3@example.com,2026-08-15T14:44:00,2026-08-15T14:44:00
pay_0004,mer_001,ord_1004,3684.23,INR,captured,upi,29.47,5.3,0.0,customer_4@example.com,2026-08-16T20:54:00,2026-08-16T20:54:00
pay_0005,mer_001,ord_1005,2738.98,INR,captured,wallet,21.91,3.94,0.0,customer_5@example.com,2026-08-21T11:35:00,2026-08-21T11:35:00
pay_0006,mer_001,ord_1006,5000.0,INR,captured,card,100.0,18.0,0.0,customer_6@example.com,2026-08-16T06:14:00,2026-08-16T06:14:00
pay_0007,mer_001,ord_1007,7000.0,INR,captured,upi,56.0,10.08,0.0,customer_7@example.com,2026-08-25T20:10:00,2026-08-25T20:10:00
pay_0008,mer_001,ord_1008,3968.38,INR,captured,upi,31.75,5.71,0.0,customer_8@example.com,2026-08-18T02:46:00,2026-08-18T02:46:00
pay_0009,mer_001,ord_1009,5000.0,INR,captured,card,100.0,18.0,0.0,customer_9@example.com,2026-08-28T10:14:00,2026-08-28T10:14:00
pay_0010,mer_001,ord_1010,2500.0,INR,captured,upi,20.0,3.6,0.0,customer_10@example.com,2026-08-22T21:56:00,2026-08-22T21:56:00
pay_0011,mer_001,ord_1011,8000.0,INR,captured,card,160.0,28.8,0.0,customer_11@example.com,2026-08-22T03:25:00,2026-08-22T03:25:00
pay_0012,mer_001,ord_1012,2494.38,INR,captured,netbanking,37.42,6.74,0.0,customer_12@example.com,2026-08-18T05:10:00,2026-08-18T05:10:00
pay_0013,mer_001,ord_1013,10000.0,INR,captured,upi,80.0,14.4,0.0,customer_13@example.com,2026-08-23T09:43:00,2026-08-23T09:43:00
pay_0014,mer_001,ord_1014,2500.0,INR,captured,upi,20.0,3.6,1000.0,customer_14@example.com,2026-08-21T14:29:00,2026-08-21T14:29:00
pay_0015,mer_001,ord_1015,7845.38,INR,captured,netbanking,117.68,21.18,0.0,customer_15@example.com,2026-08-20T05:32:00,2026-08-20T05:32:00
pay_0016,mer_001,ord_1016,720.96,INR,captured,upi,5.77,1.04,0.0,customer_16@example.com,2026-08-22T09:07:00,2026-08-22T09:07:00
pay_0017,mer_001,ord_1017,2245.32,INR,captured,upi,17.96,3.23,0.0,customer_17@example.com,2026-08-24T11:05:00,2026-08-24T11:05:00
pay_0018,mer_001,ord_1018,17056.0,INR,captured,upi,136.45,24.56,0.0,customer_18@example.com,2026-08-23T02:10:00,2026-08-23T02:10:00
pay_0019,mer_001,ord_1019,5000.0,INR,captured,card,100.0,18.0,0.0,customer_19@example.com,2026-08-22T06:41:00,2026-08-22T06:41:00
pay_0020,mer_001,ord_1020,4983.17,INR,captured,upi,39.87,7.18,0.0,customer_20@example.com,2026-08-25T02:14:00,2026-08-25T02:14:00
pay_0021,mer_001,ord_1021,6393.13,INR,captured,netbanking,95.9,17.26,0.0,customer_21@example.com,2026-08-28T19:04:00,2026-08-28T19:04:00
pay_0022,mer_001,ord_1022,10000.0,INR,captured,upi,80.0,14.4,0.0,customer_22@example.com,2026-08-22T22:12:00,2026-08-22T22:12:00
pay_0023,mer_001,ord_1023,1783.86,INR,captured,card,35.68,6.42,0.0,customer_23@example.com,2026-08-25T12:03:00,2026-08-25T12:03:00
pay_0024,mer_001,ord_1024,5000.0,INR,captured,upi,40.0,7.2,0.0,customer_24@example.com,2026-08-17T22:11:00,2026-08-17T22:11:00
pay_0025,mer_001,ord_1025,7577.96,INR,captured,upi,60.62,10.91,0.0,customer_25@example.com,2026-08-23T09:05:00,2026-08-23T09:05:00
pay_0026,mer_001,ord_1026,5000.0,INR,captured,netbanking,75.0,13.5,0.0,customer_26@example.com,2026-08-29T10:10:00,2026-08-29T10:10:00
pay_0027,mer_001,ord_1027,10000.0,INR,captured,upi,80.0,14.4,0.0,customer_27@example.com,2026-08-27T08:50:00,2026-08-27T08:50:00
pay_0028,mer_001,ord_1028,1908.66,INR,captured,upi,15.27,2.75,0.0,customer_28@example.com,2026-08-23T10:47:00,2026-08-23T10:47:00
pay_0029,mer_001,ord_1029,23629.58,INR,captured,upi,189.04,34.03,0.0,customer_29@example.com,2026-08-23T11:54:00,2026-08-23T11:54:00
pay_0030,mer_001,ord_1030,6213.67,INR,captured,netbanking,93.21,16.78,0.0,customer_30@example.com,2026-08-24T16:37:00,2026-08-24T16:37:00
pay_0031,mer_001,ord_1031,2500.0,INR,captured,netbanking,37.5,6.75,0.0,customer_31@example.com,2026-08-19T06:45:00,2026-08-19T06:45:00
pay_0032,mer_001,ord_1032,10000.0,INR,captured,upi,80.0,14.4,0.0,customer_32@example.com,2026-08-27T11:00:00,2026-08-27T11:00:00
pay_0033,mer_001,ord_1033,5000.0,INR,captured,upi,40.0,7.2,0.0,customer_33@example.com,2026-08-17T20:56:00,2026-08-17T20:56:00
pay_0034,mer_001,ord_1034,8000.0,INR,captured,upi,64.0,11.52,3200.0,customer_34@example.com,2026-08-28T05:33:00,2026-08-28T05:33:00
pay_0035,mer_001,ord_1035,23961.81,INR,captured,upi,191.69,34.5,0.0,customer_35@example.com,2026-08-29T12:47:00,2026-08-29T12:47:00
pay_0036,mer_001,ord_1036,5000.0,INR,captured,card,100.0,18.0,0.0,customer_36@example.com,2026-08-28T17:32:00,2026-08-28T17:32:00
pay_0037,mer_001,ord_1037,7000.0,INR,captured,card,140.0,25.2,0.0,customer_37@example.com,2026-08-15T09:21:00,2026-08-15T09:21:00
pay_0038,mer_001,ord_1038,7000.0,INR,captured,upi,56.0,10.08,0.0,customer_38@example.com,2026-08-16T11:56:00,2026-08-16T11:56:00
pay_0039,mer_001,ord_1039,14276.67,INR,captured,upi,114.21,20.56,0.0,customer_39@example.com,2026-08-15T18:23:00,2026-08-15T18:23:00
pay_0040,mer_001,ord_1040,5000.0,INR,captured,card,100.0,18.0,0.0,customer_40@example.com,2026-08-25T12:22:00,2026-08-25T12:22:00
pay_0041,mer_001,ord_1041,18551.25,INR,captured,netbanking,278.27,50.09,0.0,customer_41@example.com,2026-08-18T14:51:00,2026-08-18T14:51:00
pay_0042,mer_001,ord_1042,2500.0,INR,captured,card,50.0,9.0,0.0,customer_42@example.com,2026-08-22T06:55:00,2026-08-22T06:55:00
pay_0043,mer_001,ord_1043,7000.0,INR,captured,netbanking,105.0,18.9,0.0,customer_43@example.com,2026-08-29T00:14:00,2026-08-29T00:14:00
pay_0044,mer_001,ord_1044,5000.0,INR,captured,upi,40.0,7.2,0.0,customer_44@example.com,2026-08-25T15:25:00,2026-08-25T15:25:00
pay_0045,mer_001,ord_1045,7000.0,INR,captured,card,140.0,25.2,0.0,customer_45@example.com,2026-08-29T02:21:00,2026-08-29T02:21:00
pay_0046,mer_001,ord_1046,8000.0,INR,captured,upi,64.0,11.52,0.0,customer_46@example.com,2026-08-24T22:22:00,2026-08-24T22:22:00
pay_0047,mer_001,ord_1047,7000.0,INR,captured,netbanking,105.0,18.9,0.0,customer_47@example.com,2026-08-18T17:02:00,2026-08-18T17:02:00
pay_0048,mer_001,ord_1048,5000.0,INR,captured,upi,40.0,7.2,0.0,customer_48@example.com,2026-08-17T06:58:00,2026-08-17T06:58:00
pay_0049,mer_001,ord_1049,8000.0,INR,captured,upi,64.0,11.52,0.0,customer_49@example.com,2026-08-25T22:20:00,2026-08-25T22:20:00
pay_0050,mer_001,ord_1050,7000.0,INR,captured,card,140.0,25.2,0.0,customer_50@example.com,2026-08-29T14:39:00,2026-08-29T14:39:00
pay_0051,mer_001,ord_1051,5000.0,INR,captured,upi,40.0,7.2,0.0,customer_51@example.com,2026-08-25T04:41:00,2026-08-25T04:41:00
pay_0052,mer_001,ord_1052,16689.96,INR,captured,card,333.8,60.08,0.0,customer_52@example.com,2026-08-20T01:42:00,2026-08-20T01:42:00
pay_0053,mer_001,ord_1053,8000.0,INR,captured,upi,64.0,11.52,0.0,customer_53@example.com,2026-08-18T13:01:00,2026-08-18T13:01:00
pay_0054,mer_001,ord_1054,10000.0,INR,captured,upi,80.0,14.4,0.0,customer_54@example.com,2026-08-26T03:12:00,2026-08-26T03:12:00
pay_0055,mer_001,ord_1055,1206.35,INR,captured,netbanking,18.1,3.26,0.0,customer_55@example.com,2026-08-28T12:49:00,2026-08-28T12:49:00
pay_0056,mer_001,ord_1056,769.36,INR,captured,upi,6.15,1.11,0.0,customer_56@example.com,2026-08-29T12:29:00,2026-08-29T12:29:00
pay_0057,mer_001,ord_1057,2500.0,INR,captured,wallet,20.0,3.6,0.0,customer_57@example.com,2026-08-29T23:39:00,2026-08-29T23:39:00
pay_0058,mer_001,ord_1058,10000.0,INR,captured,netbanking,150.0,27.0,0.0,customer_58@example.com,2026-08-27T00:28:00,2026-08-27T00:28:00
pay_0059,mer_001,ord_1059,10000.0,INR,captured,upi,80.0,14.4,0.0,customer_59@example.com,2026-08-19T23:04:00,2026-08-19T23:04:00
pay_0060,mer_001,ord_1060,4347.16,INR,captured,upi,34.78,6.26,0.0,customer_60@example.com,2026-08-18T21:44:00,2026-08-18T21:44:00
pay_0061,mer_001,ord_1061,10000.0,INR,captured,upi,80.0,14.4,0.0,customer_61@example.com,2026-08-18T22:24:00,2026-08-18T22:24:00
pay_0062,mer_001,ord_1062,7000.0,INR,captured,upi,56.0,10.08,0.0,customer_62@example.com,2026-08-20T18:48:00,2026-08-20T18:48:00
pay_0063,mer_001,ord_1063,5000.0,INR,refunded,upi,40.0,7.2,5000.0,customer_63@example.com,2026-08-19T22:31:00,2026-08-19T22:31:00
pay_0064,mer_001,ord_1064,10000.0,INR,captured,netbanking,150.0,27.0,0.0,customer_64@example.com,2026-08-25T02:01:00,2026-08-25T02:01:00
pay_0065,mer_001,ord_1065,7000.0,INR,captured,upi,56.0,10.08,0.0,customer_65@example.com,2026-08-22T14:03:00,2026-08-22T14:03:00
pay_0066,mer_001,ord_1066,7000.0,INR,captured,upi,56.0,10.08,0.0,customer_66@example.com,2026-08-28T22:16:00,2026-08-28T22:16:00
pay_0067,mer_001,ord_1067,2500.0,INR,captured,upi,20.0,3.6,0.0,customer_67@example.com,2026-08-17T05:02:00,2026-08-17T05:02:00
pay_0068,mer_001,ord_1068,8346.46,INR,captured,upi,66.77,12.02,0.0,customer_68@example.com,2026-08-23T06:07:00,2026-08-23T06:07:00
pay_0069,mer_001,ord_1069,21037.27,INR,captured,upi,168.3,30.29,0.0,customer_69@example.com,2026-08-27T07:07:00,2026-08-27T07:07:00
pay_0070,mer_001,ord_1070,8000.0,INR,captured,upi,64.0,11.52,0.0,customer_70@example.com,2026-08-29T21:25:00,2026-08-29T21:25:00
pay_0071,mer_001,ord_1071,5000.0,INR,captured,upi,40.0,7.2,0.0,customer_71@example.com,2026-08-27T18:54:00,2026-08-27T18:54:00
pay_0072,mer_001,ord_1072,2091.61,INR,captured,upi,16.73,3.01,0.0,customer_72@example.com,2026-08-22T06:23:00,2026-08-22T06:23:00
pay_0073,mer_001,ord_1073,10000.0,INR,captured,upi,80.0,14.4,0.0,customer_73@example.com,2026-08-21T05:57:00,2026-08-21T05:57:00
pay_0074,mer_001,ord_1074,8000.0,INR,captured,upi,64.0,11.52,0.0,customer_74@example.com,2026-08-30T02:49:00,2026-08-30T02:49:00
pay_0075,mer_001,ord_1075,5000.0,INR,captured,card,100.0,18.0,0.0,customer_75@example.com,2026-08-16T17:56:00,2026-08-16T17:56:00
pay_0076,mer_001,ord_1076,2500.0,INR,captured,upi,20.0,3.6,0.0,customer_76@example.com,2026-08-28T19:11:00,2026-08-28T19:11:00
pay_0077,mer_001,ord_1077,8000.0,INR,captured,upi,64.0,11.52,0.0,customer_77@example.com,2026-08-23T15:05:00,2026-08-23T15:05:00
pay_0078,mer_001,ord_1078,10000.0,INR,refunded,upi,80.0,14.4,10000.0,customer_78@example.com,2026-08-22T23:50:00,2026-08-22T23:50:00
pay_0079,mer_001,ord_1079,2500.0,INR,captured,upi,20.0,3.6,0.0,customer_79@example.com,2026-08-23T20:27:00,2026-08-23T20:27:00
pay_0080,mer_001,ord_1080,8000.0,INR,captured,upi,64.0,11.52,0.0,customer_80@example.com,2026-08-17T08:12:00,2026-08-17T08:12:00
pay_0081,mer_001,ord_1081,5000.0,INR,captured,upi,40.0,7.2,0.0,customer_81@example.com,2026-08-22T17:46:00,2026-08-22T17:46:00
pay_0082,mer_001,ord_1082,5000.0,INR,captured,upi,40.0,7.2,2000.0,customer_82@example.com,2026-08-20T14:19:00,2026-08-20T14:19:00
pay_0083,mer_001,ord_1083,17407.1,INR,captured,upi,139.26,25.07,0.0,customer_83@example.com,2026-08-28T00:06:00,2026-08-28T00:06:00
pay_0084,mer_001,ord_1084,15487.97,INR,captured,wallet,123.9,22.3,0.0,customer_84@example.com,2026-08-20T00:07:00,2026-08-20T00:07:00
pay_0085,mer_001,ord_1085,1241.49,INR,captured,upi,9.93,1.79,0.0,customer_85@example.com,2026-08-28T03:19:00,2026-08-28T03:19:00
pay_0086,mer_001,ord_1086,5000.0,INR,captured,card,100.0,18.0,0.0,customer_86@example.com,2026-08-21T23:58:00,2026-08-21T23:58:00
pay_0087,mer_001,ord_1087,2206.35,INR,captured,upi,17.65,3.18,0.0,customer_87@example.com,2026-08-26T12:48:00,2026-08-26T12:48:00
pay_0088,mer_001,ord_1088,10669.97,INR,captured,upi,85.36,15.36,0.0,customer_88@example.com,2026-08-17T09:26:00,2026-08-17T09:26:00
pay_0089,mer_001,ord_1089,8000.0,INR,captured,card,160.0,28.8,0.0,customer_89@example.com,2026-08-22T11:43:00,2026-08-22T11:43:00
pay_0090,mer_001,ord_1090,5000.0,INR,captured,upi,40.0,7.2,0.0,customer_90@example.com,2026-08-23T16:41:00,2026-08-23T16:41:00
pay_0091,mer_001,ord_1091,8000.0,INR,captured,upi,64.0,11.52,0.0,customer_91@example.com,2026-08-29T03:58:00,2026-08-29T03:58:00
pay_0092,mer_001,ord_1092,8000.0,INR,captured,upi,64.0,11.52,0.0,customer_92@example.com,2026-08-22T23:05:00,2026-08-22T23:05:00
pay_0093,mer_001,ord_1093,2267.79,INR,captured,upi,18.14,3.27,0.0,customer_93@example.com,2026-08-26T03:37:00,2026-08-26T03:37:00
pay_0094,mer_001,ord_1094,2499.1,INR,captured,card,49.98,9.0,0.0,customer_94@example.com,2026-08-18T00:33:00,2026-08-18T00:33:00
pay_0095,mer_001,ord_1095,10000.0,INR,captured,wallet,80.0,14.4,0.0,customer_95@example.com,2026-08-22T20:26:00,2026-08-22T20:26:00
pay_0096,mer_001,ord_1096,10000.0,INR,captured,upi,80.0,14.4,0.0,customer_96@example.com,2026-08-22T02:02:00,2026-08-22T02:02:00
pay_0097,mer_001,ord_1097,7000.0,INR,captured,netbanking,105.0,18.9,0.0,customer_97@example.com,2026-08-28T09:42:00,2026-08-28T09:42:00
pay_0098,mer_001,ord_1098,10000.0,INR,captured,upi,80.0,14.4,0.0,customer_98@example.com,2026-08-27T10:13:00,2026-08-27T10:13:00
pay_0099,mer_001,ord_1099,10000.0,INR,captured,upi,80.0,14.4,0.0,customer_99@example.com,2026-08-26T04:51:00,2026-08-26T04:51:00
pay_0100,mer_001,ord_1100,5529.61,INR,captured,upi,44.24,7.96,0.0,customer_100@example.com,2026-08-28T12:29:00,2026-08-28T12:29:00
pay_0101,mer_001,ord_1101,8000.0,INR,captured,upi,64.0,11.52,0.0,customer_101@example.com,2026-08-19T22:53:00,2026-08-19T22:53:00
pay_0102,mer_001,ord_1102,5000.0,INR,captured,netbanking,75.0,13.5,0.0,customer_102@example.com,2026-08-24T08:56:00,2026-08-24T08:56:00
pay_0103,mer_001,ord_1103,2500.0,INR,captured,netbanking,37.5,6.75,1000.0,customer_103@example.com,2026-08-23T17:52:00,2026-08-23T17:52:00
pay_0104,mer_001,ord_1104,19218.99,INR,captured,upi,153.75,27.68,0.0,customer_104@example.com,2026-08-22T20:21:00,2026-08-22T20:21:00
pay_0105,mer_001,ord_1105,5000.0,INR,captured,wallet,40.0,7.2,0.0,customer_105@example.com,2026-08-19T03:24:00,2026-08-19T03:24:00
pay_0106,mer_001,ord_1106,7000.0,INR,captured,upi,56.0,10.08,0.0,customer_106@example.com,2026-08-26T05:09:00,2026-08-26T05:09:00
pay_0107,mer_001,ord_1107,5262.6,INR,captured,netbanking,78.94,14.21,0.0,customer_107@example.com,2026-08-22T12:33:00,2026-08-22T12:33:00
pay_0108,mer_001,ord_1108,22805.86,INR,captured,upi,182.45,32.84,0.0,customer_108@example.com,2026-08-27T17:21:00,2026-08-27T17:21:00
pay_0109,mer_001,ord_1109,7000.0,INR,captured,wallet,56.0,10.08,0.0,customer_109@example.com,2026-08-26T07:56:00,2026-08-26T07:56:00
pay_0110,mer_001,ord_1110,8000.0,INR,captured,wallet,64.0,11.52,0.0,customer_110@example.com,2026-08-26T11:27:00,2026-08-26T11:27:00
pay_0111,mer_001,ord_1111,9708.62,INR,captured,card,194.17,34.95,0.0,customer_111@example.com,2026-08-29T09:02:00,2026-08-29T09:02:00
pay_0112,mer_001,ord_1112,5000.0,INR,captured,upi,40.0,7.2,0.0,customer_112@example.com,2026-08-25T06:50:00,2026-08-25T06:50:00
pay_0113,mer_001,ord_1113,5000.0,INR,captured,upi,40.0,7.2,0.0,customer_113@example.com,2026-08-24T13:14:00,2026-08-24T13:14:00
pay_0114,mer_001,ord_1114,10000.0,INR,captured,netbanking,150.0,27.0,0.0,customer_114@example.com,2026-08-26T02:10:00,2026-08-26T02:10:00
pay_0115,mer_001,ord_1115,7000.0,INR,captured,card,140.0,25.2,0.0,customer_115@example.com,2026-08-22T18:12:00,2026-08-22T18:12:00
pay_0116,mer_001,ord_1116,2500.0,INR,captured,upi,20.0,3.6,0.0,customer_116@example.com,2026-08-26T18:01:00,2026-08-26T18:01:00
pay_0117,mer_001,ord_1117,1782.28,INR,captured,netbanking,26.73,4.81,0.0,customer_117@example.com,2026-08-27T00:53:00,2026-08-27T00:53:00
pay_0118,mer_001,ord_1118,2500.0,INR,captured,upi,20.0,3.6,0.0,customer_118@example.com,2026-08-19T04:16:00,2026-08-19T04:16:00
pay_0119,mer_001,ord_1119,6125.5,INR,captured,netbanking,91.88,16.54,0.0,customer_119@example.com,2026-08-25T10:19:00,2026-08-25T10:19:00
pay_0120,mer_001,ord_1120,8000.0,INR,captured,upi,64.0,11.52,0.0,customer_120@example.com,2026-08-21T14:12:00,2026-08-21T14:12:00
pay_0121,mer_001,ord_1121,8000.0,INR,captured,card,160.0,28.8,0.0,customer_121@example.com,2026-08-20T00:51:00,2026-08-20T00:51:00
pay_0122,mer_001,ord_1122,6923.28,INR,captured,upi,55.39,9.97,0.0,customer_122@example.com,2026-08-19T06:46:00,2026-08-19T06:46:00
pay_0123,mer_001,ord_1123,7151.59,INR,captured,card,143.03,25.75,0.0,customer_123@example.com,2026-08-15T17:34:00,2026-08-15T17:34:00
pay_0124,mer_001,ord_1124,7000.0,INR,captured,card,140.0,25.2,0.0,customer_124@example.com,2026-08-20T12:43:00,2026-08-20T12:43:00
pay_0125,mer_001,ord_1125,5000.0,INR,captured,upi,40.0,7.2,0.0,customer_125@example.com,2026-08-25T23:58:00,2026-08-25T23:58:00
pay_0126,mer_001,ord_1126,1763.4,INR,captured,upi,14.11,2.54,0.0,customer_126@example.com,2026-08-22T12:06:00,2026-08-22T12:06:00
pay_0127,mer_001,ord_1127,7000.0,INR,captured,upi,56.0,10.08,0.0,customer_127@example.com,2026-08-26T13:56:00,2026-08-26T13:56:00
pay_0128,mer_001,ord_1128,8000.0,INR,captured,upi,64.0,11.52,0.0,customer_128@example.com,2026-08-20T15:28:00,2026-08-20T15:28:00
pay_0129,mer_001,ord_1129,2500.0,INR,captured,upi,20.0,3.6,0.0,customer_129@example.com,2026-08-25T20:03:00,2026-08-25T20:03:00
pay_0130,mer_001,ord_1130,10000.0,INR,captured,upi,80.0,14.4,0.0,customer_130@example.com,2026-08-19T05:40:00,2026-08-19T05:40:00
pay_0131,mer_001,ord_1131,12140.67,INR,captured,card,242.81,43.71,0.0,customer_131@example.com,2026-08-18T11:53:00,2026-08-18T11:53:00
pay_0132,mer_001,ord_1132,2500.0,INR,captured,card,50.0,9.0,0.0,customer_132@example.com,2026-08-28T04:00:00,2026-08-28T04:00:00
pay_0133,mer_001,ord_1133,17183.66,INR,captured,upi,137.47,24.74,6873.46,customer_133@example.com,2026-08-28T09:08:00,2026-08-28T09:08:00
pay_0134,mer_001,ord_1134,899.66,INR,captured,upi,7.2,1.3,0.0,customer_134@example.com,2026-08-22T01:07:00,2026-08-22T01:07:00
pay_0135,mer_001,ord_1135,6779.09,INR,captured,upi,54.23,9.76,0.0,customer_135@example.com,2026-08-19T04:02:00,2026-08-19T04:02:00
pay_0136,mer_001,ord_1136,2308.38,INR,captured,upi,18.47,3.32,0.0,customer_136@example.com,2026-08-22T21:27:00,2026-08-22T21:27:00
pay_0137,mer_001,ord_1137,7503.35,INR,captured,upi,60.03,10.81,0.0,customer_137@example.com,2026-08-17T11:08:00,2026-08-17T11:08:00
pay_0138,mer_001,ord_1138,8000.0,INR,captured,upi,64.0,11.52,0.0,customer_138@example.com,2026-08-24T22:06:00,2026-08-24T22:06:00
pay_0139,mer_001,ord_1139,5000.0,INR,captured,upi,40.0,7.2,0.0,customer_139@example.com,2026-08-29T16:26:00,2026-08-29T16:26:00
pay_0140,mer_001,ord_1140,7000.0,INR,captured,upi,56.0,10.08,0.0,customer_140@example.com,2026-08-19T20:09:00,2026-08-19T20:09:00
pay_0141,mer_001,ord_1141,7000.0,INR,captured,upi,56.0,10.08,0.0,customer_141@example.com,2026-08-26T20:51:00,2026-08-26T20:51:00
pay_0142,mer_001,ord_1142,7761.44,INR,captured,upi,62.09,11.18,0.0,customer_142@example.com,2026-08-29T06:48:00,2026-08-29T06:48:00
pay_0143,mer_001,ord_1143,8000.0,INR,captured,upi,64.0,11.52,0.0,customer_143@example.com,2026-08-25T01:13:00,2026-08-25T01:13:00
pay_0144,mer_001,ord_1144,2500.0,INR,captured,upi,20.0,3.6,0.0,customer_144@example.com,2026-08-20T03:14:00,2026-08-20T03:14:00
pay_0145,mer_001,ord_1145,2174.83,INR,refunded,upi,17.4,3.13,2174.83,customer_145@example.com,2026-08-26T07:17:00,2026-08-26T07:17:00
pay_0146,mer_001,ord_1146,13967.4,INR,captured,netbanking,209.51,37.71,0.0,customer_146@example.com,2026-08-25T06:25:00,2026-08-25T06:25:00
pay_0147,mer_001,ord_1147,5000.0,INR,captured,upi,40.0,7.2,0.0,customer_147@example.com,2026-08-22T19:10:00,2026-08-22T19:10:00
pay_0148,mer_001,ord_1148,6772.6,INR,captured,netbanking,101.59,18.29,0.0,customer_148@example.com,2026-08-17T14:48:00,2026-08-17T14:48:00
pay_0149,mer_001,ord_1149,10000.0,INR,captured,upi,80.0,14.4,0.0,customer_149@example.com,2026-08-21T17:13:00,2026-08-21T17:13:00
pay_0150,mer_001,ord_1150,10000.0,INR,captured,upi,80.0,14.4,0.0,customer_150@example.com,2026-08-19T10:14:00,2026-08-19T10:14:00
pay_0151,mer_001,ord_1151,5000.0,INR,captured,card,100.0,18.0,0.0,customer_151@example.com,2026-08-27T17:18:00,2026-08-27T17:18:00
pay_0152,mer_001,ord_1152,7000.0,INR,captured,upi,56.0,10.08,0.0,customer_152@example.com,2026-08-19T01:35:00,2026-08-19T01:35:00
pay_0153,mer_001,ord_1153,2093.02,INR,captured,upi,16.74,3.01,0.0,customer_153@example.com,2026-08-22T11:55:00,2026-08-22T11:55:00
pay_0154,mer_001,ord_1154,8000.0,INR,captured,upi,64.0,11.52,0.0,customer_154@example.com,2026-08-15T19:10:00,2026-08-15T19:10:00
pay_0155,mer_001,ord_1155,7076.14,INR,captured,upi,56.61,10.19,0.0,customer_155@example.com,2026-08-16T16:27:00,2026-08-16T16:27:00
pay_0156,mer_001,ord_1156,2500.0,INR,captured,upi,20.0,3.6,0.0,customer_156@example.com,2026-08-27T14:04:00,2026-08-27T14:04:00
pay_0157,mer_001,ord_1157,2500.0,INR,captured,upi,20.0,3.6,0.0,customer_157@example.com,2026-08-29T05:52:00,2026-08-29T05:52:00
pay_0158,mer_001,ord_1158,10949.48,INR,captured,card,218.99,39.42,0.0,customer_158@example.com,2026-08-25T11:11:00,2026-08-25T11:11:00
pay_0159,mer_001,ord_1159,10000.0,INR,captured,card,200.0,36.0,0.0,customer_159@example.com,2026-08-30T03:41:00,2026-08-30T03:41:00
pay_0160,mer_001,ord_1160,18662.7,INR,captured,upi,149.3,26.87,0.0,customer_160@example.com,2026-08-22T23:40:00,2026-08-22T23:40:00
pay_0161,mer_001,ord_1161,8000.0,INR,captured,upi,64.0,11.52,0.0,customer_161@example.com,2026-08-15T10:23:00,2026-08-15T10:23:00
pay_0162,mer_001,ord_1162,7000.0,INR,captured,upi,56.0,10.08,0.0,customer_162@example.com,2026-08-24T08:57:00,2026-08-24T08:57:00
pay_0163,mer_001,ord_1163,10000.0,INR,captured,upi,80.0,14.4,0.0,customer_163@example.com,2026-08-15T23:06:00,2026-08-15T23:06:00
pay_0164,mer_001,ord_1164,9433.6,INR,captured,upi,75.47,13.58,0.0,customer_164@example.com,2026-08-26T23:28:00,2026-08-26T23:28:00
pay_0165,mer_001,ord_1165,7000.0,INR,captured,upi,56.0,10.08,0.0,customer_165@example.com,2026-08-21T06:38:00,2026-08-21T06:38:00
pay_0166,mer_001,ord_1166,7000.0,INR,captured,upi,56.0,10.08,0.0,customer_166@example.com,2026-08-27T06:58:00,2026-08-27T06:58:00
pay_0167,mer_001,ord_1167,2500.0,INR,captured,upi,20.0,3.6,0.0,customer_167@example.com,2026-08-26T07:42:00,2026-08-26T07:42:00
pay_0168,mer_001,ord_1168,7000.0,INR,captured,upi,56.0,10.08,0.0,customer_168@example.com,2026-08-20T13:42:00,2026-08-20T13:42:00
pay_0169,mer_001,ord_1169,7984.4,INR,refunded,upi,63.88,11.5,7984.4,customer_169@example.com,2026-08-22T01:23:00,2026-08-22T01:23:00
pay_0170,mer_001,ord_1170,5000.0,INR,captured,upi,40.0,7.2,0.0,customer_170@example.com,2026-08-17T13:04:00,2026-08-17T13:04:00
pay_0171,mer_001,ord_1171,2055.05,INR,captured,card,41.1,7.4,0.0,customer_171@example.com,2026-08-30T04:08:00,2026-08-30T04:08:00
pay_0172,mer_001,ord_1172,19778.38,INR,captured,card,395.57,71.2,0.0,customer_172@example.com,2026-08-15T22:23:00,2026-08-15T22:23:00
pay_0173,mer_001,ord_1173,10000.0,INR,captured,upi,80.0,14.4,0.0,customer_173@example.com,2026-08-18T18:51:00,2026-08-18T18:51:00
pay_0174,mer_001,ord_1174,10000.0,INR,captured,upi,80.0,14.4,0.0,customer_174@example.com,2026-08-19T21:32:00,2026-08-19T21:32:00
pay_0175,mer_001,ord_1175,21621.41,INR,captured,netbanking,324.32,58.38,0.0,customer_175@example.com,2026-08-16T05:30:00,2026-08-16T05:30:00
pay_0176,mer_001,ord_1176,3064.24,INR,captured,upi,24.51,4.41,0.0,customer_176@example.com,2026-08-27T14:17:00,2026-08-27T14:17:00
pay_0177,mer_001,ord_1177,5000.0,INR,refunded,card,100.0,18.0,5000.0,customer_177@example.com,2026-08-29T20:59:00,2026-08-29T20:59:00
pay_0178,mer_001,ord_1178,2500.0,INR,captured,upi,20.0,3.6,0.0,customer_178@example.com,2026-08-20T12:53:00,2026-08-20T12:53:00
pay_0179,mer_001,ord_1179,10000.0,INR,captured,card,200.0,36.0,0.0,customer_179@example.com,2026-08-18T07:30:00,2026-08-18T07:30:00
pay_0180,mer_001,ord_1180,12350.71,INR,captured,upi,98.81,17.79,0.0,customer_180@example.com,2026-08-27T04:33:00,2026-08-27T04:33:00
pay_0181,mer_001,ord_1181,5000.0,INR,captured,upi,40.0,7.2,0.0,customer_181@example.com,2026-08-28T04:29:00,2026-08-28T04:29:00
pay_0182,mer_001,ord_1182,5000.0,INR,captured,card,100.0,18.0,0.0,customer_182@example.com,2026-08-19T22:00:00,2026-08-19T22:00:00
pay_0183,mer_001,ord_1183,4791.12,INR,captured,upi,38.33,6.9,0.0,customer_183@example.com,2026-08-20T11:33:00,2026-08-20T11:33:00
pay_0184,mer_001,ord_1184,10000.0,INR,captured,upi,80.0,14.4,0.0,customer_184@example.com,2026-08-21T20:16:00,2026-08-21T20:16:00
pay_0185,mer_001,ord_1185,2871.58,INR,captured,card,57.43,10.34,0.0,customer_185@example.com,2026-08-26T19:08:00,2026-08-26T19:08:00
pay_0186,mer_001,ord_1186,10000.0,INR,captured,wallet,80.0,14.4,0.0,customer_186@example.com,2026-08-23T05:11:00,2026-08-23T05:11:00
pay_0187,mer_001,ord_1187,8000.0,INR,captured,upi,64.0,11.52,0.0,customer_187@example.com,2026-08-27T15:56:00,2026-08-27T15:56:00
pay_0188,mer_001,ord_1188,10000.0,INR,captured,upi,80.0,14.4,0.0,customer_188@example.com,2026-08-28T05:12:00,2026-08-28T05:12:00
pay_0189,mer_001,ord_1189,8000.0,INR,captured,upi,64.0,11.52,0.0,customer_189@example.com,2026-08-20T22:56:00,2026-08-20T22:56:00
pay_0190,mer_001,ord_1190,13763.62,INR,captured,upi,110.11,19.82,0.0,customer_190@example.com,2026-08-22T20:59:00,2026-08-22T20:59:00
pay_0191,mer_001,ord_1191,7000.0,INR,captured,upi,56.0,10.08,0.0,customer_191@example.com,2026-08-28T14:34:00,2026-08-28T14:34:00
pay_0192,mer_001,ord_1192,10000.0,INR,captured,upi,80.0,14.4,0.0,customer_192@example.com,2026-08-21T14:44:00,2026-08-21T14:44:00
pay_0193,mer_001,ord_1193,7000.0,INR,captured,upi,56.0,10.08,0.0,customer_193@example.com,2026-08-27T10:04:00,2026-08-27T10:04:00
pay_0194,mer_001,ord_1194,20748.27,INR,captured,wallet,165.99,29.88,0.0,customer_194@example.com,2026-08-18T04:43:00,2026-08-18T04:43:00
pay_0195,mer_001,ord_1195,2500.0,INR,captured,upi,20.0,3.6,0.0,customer_195@example.com,2026-08-24T10:38:00,2026-08-24T10:38:00
pay_0196,mer_001,ord_1196,4540.3,INR,captured,upi,36.32,6.54,0.0,customer_196@example.com,2026-08-23T20:25:00,2026-08-23T20:25:00
pay_0197,mer_001,ord_1197,8440.53,INR,captured,upi,67.52,12.15,0.0,customer_197@example.com,2026-08-22T02:07:00,2026-08-22T02:07:00
pay_0198,mer_001,ord_1198,8000.0,INR,captured,card,160.0,28.8,0.0,customer_198@example.com,2026-08-22T15:07:00,2026-08-22T15:07:00
pay_0199,mer_001,ord_1199,3449.61,INR,captured,card,68.99,12.42,0.0,customer_199@example.com,2026-08-28T19:42:00,2026-08-28T19:42:00
pay_0200,mer_001,ord_1200,23152.64,INR,captured,card,463.05,83.35,0.0,customer_200@example.com,2026-08-30T07:40:00,2026-08-30T07:40:00
pay_0201,mer_001,ord_1201,24747.25,INR,captured,upi,197.98,35.64,0.0,customer_201@example.com,2026-08-22T09:23:00,2026-08-22T09:23:00
pay_0202,mer_001,ord_1202,6920.14,INR,captured,upi,55.36,9.96,0.0,customer_202@example.com,2026-08-22T07:46:00,2026-08-22T07:46:00
pay_0203,mer_001,ord_1203,17773.31,INR,captured,wallet,142.19,25.59,0.0,customer_203@example.com,2026-08-25T11:28:00,2026-08-25T11:28:00
pay_0204,mer_001,ord_1204,22093.91,INR,captured,card,441.88,79.54,0.0,customer_204@example.com,2026-08-17T22:32:00,2026-08-17T22:32:00
pay_0205,mer_001,ord_1205,10601.26,INR,captured,upi,84.81,15.27,0.0,customer_205@example.com,2026-08-30T07:14:00,2026-08-30T07:14:00
pay_0206,mer_001,ord_1206,8000.0,INR,captured,upi,64.0,11.52,0.0,customer_206@example.com,2026-08-23T17:08:00,2026-08-23T17:08:00
pay_0207,mer_001,ord_1207,18896.79,INR,captured,upi,151.17,27.21,0.0,customer_207@example.com,2026-08-25T08:57:00,2026-08-25T08:57:00
pay_0208,mer_001,ord_1208,2169.31,INR,captured,upi,17.35,3.12,0.0,customer_208@example.com,2026-08-26T03:16:00,2026-08-26T03:16:00
pay_0209,mer_001,ord_1209,10000.0,INR,captured,netbanking,150.0,27.0,0.0,customer_209@example.com,2026-08-23T18:41:00,2026-08-23T18:41:00
pay_0210,mer_001,ord_1210,8000.0,INR,captured,upi,64.0,11.52,0.0,customer_210@example.com,2026-08-26T10:10:00,2026-08-26T10:10:00
pay_0211,mer_001,ord_1211,2500.0,INR,captured,netbanking,37.5,6.75,0.0,customer_211@example.com,2026-08-21T08:55:00,2026-08-21T08:55:00
pay_0212,mer_001,ord_1212,6683.66,INR,captured,upi,53.47,9.62,0.0,customer_212@example.com,2026-08-22T12:17:00,2026-08-22T12:17:00
pay_0213,mer_001,ord_1213,7000.0,INR,captured,upi,56.0,10.08,0.0,customer_213@example.com,2026-08-28T14:52:00,2026-08-28T14:52:00
pay_0214,mer_001,ord_1214,10000.0,INR,captured,wallet,80.0,14.4,0.0,customer_214@example.com,2026-08-23T00:56:00,2026-08-23T00:56:00
pay_0215,mer_001,ord_1215,5000.0,INR,captured,upi,40.0,7.2,0.0,customer_215@example.com,2026-08-20T10:03:00,2026-08-20T10:03:00
pay_0216,mer_001,ord_1216,8000.0,INR,captured,upi,64.0,11.52,0.0,customer_216@example.com,2026-08-28T12:27:00,2026-08-28T12:27:00
pay_0217,mer_001,ord_1217,955.39,INR,captured,upi,7.64,1.38,0.0,customer_217@example.com,2026-08-25T02:12:00,2026-08-25T02:12:00
pay_0218,mer_001,ord_1218,8000.0,INR,captured,card,160.0,28.8,0.0,customer_218@example.com,2026-08-25T06:39:00,2026-08-25T06:39:00
pay_0219,mer_001,ord_1219,2500.0,INR,captured,upi,20.0,3.6,0.0,customer_219@example.com,2026-08-20T13:12:00,2026-08-20T13:12:00
pay_0220,mer_001,ord_1220,2500.0,INR,captured,card,50.0,9.0,0.0,customer_220@example.com,2026-08-23T23:09:00,2026-08-23T23:09:00
pay_0221,mer_001,ord_1221,18422.16,INR,captured,upi,147.38,26.53,0.0,customer_221@example.com,2026-08-25T08:53:00,2026-08-25T08:53:00
pay_0222,mer_001,ord_1222,8000.0,INR,captured,upi,64.0,11.52,0.0,customer_222@example.com,2026-08-15T20:21:00,2026-08-15T20:21:00
pay_0223,mer_001,ord_1223,2457.79,INR,captured,upi,19.66,3.54,0.0,customer_223@example.com,2026-08-20T05:50:00,2026-08-20T05:50:00
pay_0224,mer_001,ord_1224,10000.0,INR,captured,upi,80.0,14.4,0.0,customer_224@example.com,2026-08-26T08:39:00,2026-08-26T08:39:00
pay_0225,mer_001,ord_1225,7019.14,INR,captured,upi,56.15,10.11,0.0,customer_225@example.com,2026-08-22T19:26:00,2026-08-22T19:26:00
pay_0226,mer_001,ord_1226,10000.0,INR,captured,netbanking,150.0,27.0,0.0,customer_226@example.com,2026-08-27T08:03:00,2026-08-27T08:03:00
pay_0227,mer_001,ord_1227,10000.0,INR,captured,upi,80.0,14.4,0.0,customer_227@example.com,2026-08-20T14:29:00,2026-08-20T14:29:00
pay_0228,mer_001,ord_1228,8000.0,INR,captured,upi,64.0,11.52,0.0,customer_228@example.com,2026-08-18T16:17:00,2026-08-18T16:17:00
pay_0229,mer_001,ord_1229,8000.0,INR,captured,card,160.0,28.8,0.0,customer_229@example.com,2026-08-27T07:31:00,2026-08-27T07:31:00
pay_0230,mer_001,ord_1230,8000.0,INR,captured,upi,64.0,11.52,0.0,customer_230@example.com,2026-08-25T06:34:00,2026-08-25T06:34:00
pay_0231,mer_001,ord_1231,24228.35,INR,captured,upi,193.83,34.89,0.0,customer_231@example.com,2026-08-20T07:05:00,2026-08-20T07:05:00
pay_0232,mer_001,ord_1232,5000.0,INR,captured,card,100.0,18.0,0.0,customer_232@example.com,2026-08-20T02:44:00,2026-08-20T02:44:00
pay_0233,mer_001,ord_1233,629.38,INR,captured,card,12.59,2.27,0.0,customer_233@example.com,2026-08-23T16:40:00,2026-08-23T16:40:00
pay_0234,mer_001,ord_1234,16030.87,INR,captured,upi,128.25,23.09,0.0,customer_234@example.com,2026-08-23T14:26:00,2026-08-23T14:26:00
pay_0235,mer_001,ord_1235,8000.0,INR,captured,upi,64.0,11.52,0.0,customer_235@example.com,2026-08-25T10:58:00,2026-08-25T10:58:00
pay_0236,mer_001,ord_1236,1769.83,INR,captured,netbanking,26.55,4.78,0.0,customer_236@example.com,2026-08-17T22:56:00,2026-08-17T22:56:00
pay_0237,mer_001,ord_1237,10000.0,INR,captured,upi,80.0,14.4,0.0,customer_237@example.com,2026-08-26T18:56:00,2026-08-26T18:56:00
pay_0238,mer_001,ord_1238,2500.0,INR,captured,upi,20.0,3.6,0.0,customer_238@example.com,2026-08-26T02:33:00,2026-08-26T02:33:00
pay_0239,mer_001,ord_1239,5000.0,INR,captured,card,100.0,18.0,0.0,customer_239@example.com,2026-08-20T14:46:00,2026-08-20T14:46:00
pay_0240,mer_001,ord_1240,8000.0,INR,captured,upi,64.0,11.52,0.0,customer_240@example.com,2026-08-27T15:11:00,2026-08-27T15:11:00
pay_0241,mer_001,ord_1241,2500.0,INR,captured,upi,20.0,3.6,0.0,customer_241@example.com,2026-08-25T12:11:00,2026-08-25T12:11:00
pay_0242,mer_001,ord_1242,7000.0,INR,captured,upi,56.0,10.08,0.0,customer_242@example.com,2026-08-27T17:21:00,2026-08-27T17:21:00
pay_0243,mer_001,ord_1243,5000.0,INR,captured,upi,40.0,7.2,0.0,customer_243@example.com,2026-08-16T23:19:00,2026-08-16T23:19:00
pay_0244,mer_001,ord_1244,8000.0,INR,captured,card,160.0,28.8,0.0,customer_244@example.com,2026-08-25T18:23:00,2026-08-25T18:23:00
pay_0245,mer_001,ord_1245,2500.0,INR,captured,upi,20.0,3.6,0.0,customer_245@example.com,2026-08-24T00:48:00,2026-08-24T00:48:00
pay_0246,mer_001,ord_1246,3701.26,INR,captured,upi,29.61,5.33,0.0,customer_246@example.com,2026-08-24T07:23:00,2026-08-24T07:23:00
pay_0247,mer_001,ord_1247,5000.0,INR,captured,upi,40.0,7.2,0.0,customer_247@example.com,2026-08-17T14:20:00,2026-08-17T14:20:00
pay_0248,mer_001,ord_1248,10000.0,INR,captured,upi,80.0,14.4,0.0,customer_248@example.com,2026-08-23T23:51:00,2026-08-23T23:51:00
pay_0249,mer_001,ord_1249,10000.0,INR,captured,card,200.0,36.0,0.0,customer_249@example.com,2026-08-20T08:01:00,2026-08-20T08:01:00
pay_0250,mer_001,ord_1250,2114.55,INR,captured,upi,16.92,3.05,0.0,customer_250@example.com,2026-08-26T11:34:00,2026-08-26T11:34:00
pay_0251,mer_001,ord_1251,2362.62,INR,captured,upi,18.9,3.4,0.0,customer_251@example.com,2026-08-17T13:49:00,2026-08-17T13:49:00
pay_0252,mer_001,ord_1252,7000.0,INR,captured,upi,56.0,10.08,0.0,customer_252@example.com,2026-08-29T21:24:00,2026-08-29T21:24:00
pay_0253,mer_001,ord_1253,2500.0,INR,captured,upi,20.0,3.6,0.0,customer_253@example.com,2026-08-23T21:33:00,2026-08-23T21:33:00
pay_0254,mer_001,ord_1254,8000.0,INR,captured,upi,64.0,11.52,0.0,customer_254@example.com,2026-08-27T02:27:00,2026-08-27T02:27:00
pay_0255,mer_001,ord_1255,8000.0,INR,captured,upi,64.0,11.52,0.0,customer_255@example.com,2026-08-30T08:48:00,2026-08-30T08:48:00
pay_0256,mer_001,ord_1256,2099.9,INR,captured,upi,16.8,3.02,0.0,customer_256@example.com,2026-08-16T12:38:00,2026-08-16T12:38:00
pay_0257,mer_001,ord_1257,1655.35,INR,captured,upi,13.24,2.38,0.0,customer_257@example.com,2026-08-19T02:13:00,2026-08-19T02:13:00
pay_0258,mer_001,ord_1258,5000.0,INR,captured,card,100.0,18.0,0.0,customer_258@example.com,2026-08-27T03:20:00,2026-08-27T03:20:00
pay_0259,mer_001,ord_1259,12027.37,INR,captured,wallet,96.22,17.32,0.0,customer_259@example.com,2026-08-23T16:26:00,2026-08-23T16:26:00
pay_0260,mer_001,ord_1260,22955.14,INR,captured,upi,183.64,33.06,0.0,customer_260@example.com,2026-08-22T02:31:00,2026-08-22T02:31:00
pay_0261,mer_001,ord_1261,2500.0,INR,captured,card,50.0,9.0,0.0,customer_261@example.com,2026-08-21T13:19:00,2026-08-21T13:19:00
pay_0262,mer_001,ord_1262,8000.0,INR,captured,netbanking,120.0,21.6,0.0,customer_262@example.com,2026-08-17T23:58:00,2026-08-17T23:58:00
pay_0263,mer_001,ord_1263,7000.0,INR,captured,upi,56.0,10.08,0.0,customer_263@example.com,2026-08-18T19:41:00,2026-08-18T19:41:00
pay_0264,mer_001,ord_1264,5000.0,INR,captured,upi,40.0,7.2,0.0,customer_264@example.com,2026-08-22T06:38:00,2026-08-22T06:38:00
pay_0265,mer_001,ord_1265,5000.0,INR,captured,upi,40.0,7.2,0.0,customer_265@example.com,2026-08-28T19:19:00,2026-08-28T19:19:00
pay_0266,mer_001,ord_1266,7654.38,INR,captured,card,153.09,27.56,0.0,customer_266@example.com,2026-08-28T00:58:00,2026-08-28T00:58:00
pay_0267,mer_001,ord_1267,2500.0,INR,captured,card,50.0,9.0,0.0,customer_267@example.com,2026-08-21T23:34:00,2026-08-21T23:34:00
pay_0268,mer_001,ord_1268,10000.0,INR,captured,upi,80.0,14.4,0.0,customer_268@example.com,2026-08-27T00:48:00,2026-08-27T00:48:00
pay_0269,mer_001,ord_1269,5000.0,INR,captured,card,100.0,18.0,0.0,customer_269@example.com,2026-08-15T17:35:00,2026-08-15T17:35:00
pay_0270,mer_001,ord_1270,2500.0,INR,captured,upi,20.0,3.6,0.0,customer_270@example.com,2026-08-24T16:31:00,2026-08-24T16:31:00
pay_0271,mer_001,ord_1271,10000.0,INR,captured,wallet,80.0,14.4,0.0,customer_271@example.com,2026-08-26T08:31:00,2026-08-26T08:31:00
pay_0272,mer_001,ord_1272,10000.0,INR,captured,upi,80.0,14.4,0.0,customer_272@example.com,2026-08-30T02:41:00,2026-08-30T02:41:00
pay_0273,mer_001,ord_1273,1500.28,INR,captured,card,30.01,5.4,0.0,customer_273@example.com,2026-08-21T13:53:00,2026-08-21T13:53:00
pay_0274,mer_001,ord_1274,10000.0,INR,captured,upi,80.0,14.4,0.0,customer_274@example.com,2026-08-25T05:42:00,2026-08-25T05:42:00
pay_0275,mer_001,ord_1275,7000.0,INR,captured,upi,56.0,10.08,0.0,customer_275@example.com,2026-08-24T08:17:00,2026-08-24T08:17:00
pay_0276,mer_001,ord_1276,7000.0,INR,captured,card,140.0,25.2,0.0,customer_276@example.com,2026-08-29T14:06:00,2026-08-29T14:06:00
pay_0277,mer_001,ord_1277,8000.0,INR,captured,card,160.0,28.8,0.0,customer_277@example.com,2026-08-19T21:05:00,2026-08-19T21:05:00
pay_0278,mer_001,ord_1278,5000.0,INR,captured,upi,40.0,7.2,0.0,customer_278@example.com,2026-08-28T11:41:00,2026-08-28T11:41:00
pay_0279,mer_001,ord_1279,7000.0,INR,captured,upi,56.0,10.08,0.0,customer_279@example.com,2026-08-16T05:00:00,2026-08-16T05:00:00
pay_0280,mer_001,ord_1280,2500.0,INR,captured,upi,20.0,3.6,0.0,customer_280@example.com,2026-08-28T12:57:00,2026-08-28T12:57:00
pay_0281,mer_001,ord_1281,10000.0,INR,captured,upi,80.0,14.4,0.0,customer_281@example.com,2026-08-29T11:43:00,2026-08-29T11:43:00
pay_0282,mer_001,ord_1282,2500.0,INR,captured,upi,20.0,3.6,0.0,customer_282@example.com,2026-08-19T03:09:00,2026-08-19T03:09:00
pay_0283,mer_001,ord_1283,9307.94,INR,captured,upi,74.46,13.4,0.0,customer_283@example.com,2026-08-24T21:43:00,2026-08-24T21:43:00
pay_0284,mer_001,ord_1284,6655.85,INR,captured,upi,53.25,9.58,0.0,customer_284@example.com,2026-08-20T10:06:00,2026-08-20T10:06:00
pay_0285,mer_001,ord_1285,7000.0,INR,captured,wallet,56.0,10.08,0.0,customer_285@example.com,2026-08-20T09:40:00,2026-08-20T09:40:00
pay_0286,mer_001,ord_1286,7000.0,INR,captured,upi,56.0,10.08,0.0,customer_286@example.com,2026-08-26T03:42:00,2026-08-26T03:42:00
pay_0287,mer_001,ord_1287,4124.59,INR,captured,upi,33.0,5.94,0.0,customer_287@example.com,2026-08-17T21:45:00,2026-08-17T21:45:00
pay_0288,mer_001,ord_1288,4642.92,INR,captured,upi,37.14,6.69,0.0,customer_288@example.com,2026-08-19T23:23:00,2026-08-19T23:23:00
pay_0289,mer_001,ord_1289,7000.0,INR,captured,upi,56.0,10.08,0.0,customer_289@example.com,2026-08-16T20:35:00,2026-08-16T20:35:00
pay_0290,mer_001,ord_1290,8000.0,INR,captured,upi,64.0,11.52,0.0,customer_290@example.com,2026-08-27T11:46:00,2026-08-27T11:46:00
pay_0291,mer_001,ord_1291,17723.33,INR,captured,card,354.47,63.8,0.0,customer_291@example.com,2026-08-17T13:17:00,2026-08-17T13:17:00
pay_0292,mer_001,ord_1292,7000.0,INR,captured,upi,56.0,10.08,0.0,customer_292@example.com,2026-08-27T11:23:00,2026-08-27T11:23:00
pay_0293,mer_001,ord_1293,5000.0,INR,captured,upi,40.0,7.2,0.0,customer_293@example.com,2026-08-17T18:00:00,2026-08-17T18:00:00
pay_0294,mer_001,ord_1294,2500.0,INR,captured,upi,20.0,3.6,0.0,customer_294@example.com,2026-08-22T05:38:00,2026-08-22T05:38:00
pay_0295,mer_001,ord_1295,2500.0,INR,captured,upi,20.0,3.6,0.0,customer_295@example.com,2026-08-21T19:18:00,2026-08-21T19:18:00
pay_0296,mer_001,ord_1296,2500.0,INR,captured,upi,20.0,3.6,0.0,customer_296@example.com,2026-08-28T21:23:00,2026-08-28T21:23:00
pay_0297,mer_001,ord_1297,1584.09,INR,captured,wallet,12.67,2.28,0.0,customer_297@example.com,2026-08-23T07:13:00,2026-08-23T07:13:00
pay_0298,mer_001,ord_1298,7000.0,INR,captured,card,140.0,25.2,0.0,customer_298@example.com,2026-08-18T05:19:00,2026-08-18T05:19:00
pay_0299,mer_001,ord_1299,6433.8,INR,captured,upi,51.47,9.26,0.0,customer_299@example.com,2026-08-25T00:37:00,2026-08-25T00:37:00
pay_0300,mer_001,ord_1300,1463.89,INR,captured,card,29.28,5.27,0.0,customer_300@example.com,2026-08-21T07:57:00,2026-08-21T07:57:00
pay_0301,mer_001,ord_1301,5000.0,INR,captured,card,100.0,18.0,0.0,customer_301@example.com,2026-08-20T14:41:00,2026-08-20T14:41:00
pay_0302,mer_001,ord_1302,2500.0,INR,captured,wallet,20.0,3.6,0.0,customer_302@example.com,2026-08-21T12:00:00,2026-08-21T12:00:00
pay_0303,mer_001,ord_1303,5000.0,INR,captured,upi,40.0,7.2,0.0,customer_303@example.com,2026-08-21T23:49:00,2026-08-21T23:49:00
pay_0304,mer_001,ord_1304,10000.0,INR,captured,upi,80.0,14.4,0.0,customer_304@example.com,2026-08-21T11:07:00,2026-08-21T11:07:00
pay_0305,mer_001,ord_1305,5000.0,INR,captured,upi,40.0,7.2,0.0,customer_305@example.com,2026-08-21T00:06:00,2026-08-21T00:06:00
pay_0306,mer_001,ord_1306,4254.0,INR,captured,upi,34.03,6.13,0.0,customer_306@example.com,2026-08-21T05:06:00,2026-08-21T05:06:00
pay_0307,mer_001,ord_1307,12146.52,INR,captured,upi,97.17,17.49,0.0,customer_307@example.com,2026-08-21T02:27:00,2026-08-21T02:27:00
pay_0308,mer_001,ord_1308,7000.0,INR,captured,upi,56.0,10.08,0.0,customer_308@example.com,2026-08-27T04:56:00,2026-08-27T04:56:00
pay_0309,mer_001,ord_1309,5000.0,INR,captured,upi,40.0,7.2,0.0,customer_309@example.com,2026-08-26T11:36:00,2026-08-26T11:36:00
pay_0310,mer_001,ord_1310,10000.0,INR,captured,upi,80.0,14.4,0.0,customer_310@example.com,2026-08-26T00:33:00,2026-08-26T00:33:00
pay_0311,mer_001,ord_1311,4637.52,INR,captured,upi,37.1,6.68,0.0,customer_311@example.com,2026-08-28T23:39:00,2026-08-28T23:39:00
pay_0312,mer_001,ord_1312,6903.37,INR,captured,card,138.07,24.85,0.0,customer_312@example.com,2026-08-20T12:15:00,2026-08-20T12:15:00
pay_0313,mer_001,ord_1313,7000.0,INR,captured,upi,56.0,10.08,0.0,customer_313@example.com,2026-08-24T21:27:00,2026-08-24T21:27:00
pay_0314,mer_001,ord_1314,18969.42,INR,captured,upi,151.76,27.32,0.0,customer_314@example.com,2026-08-22T18:08:00,2026-08-22T18:08:00
pay_0315,mer_001,ord_1315,2168.17,INR,captured,upi,17.35,3.12,0.0,customer_315@example.com,2026-08-18T21:35:00,2026-08-18T21:35:00
pay_0316,mer_001,ord_1316,10000.0,INR,captured,upi,80.0,14.4,0.0,customer_316@example.com,2026-08-17T03:01:00,2026-08-17T03:01:00
pay_0317,mer_001,ord_1317,8000.0,INR,captured,upi,64.0,11.52,0.0,customer_317@example.com,2026-08-23T03:47:00,2026-08-23T03:47:00
pay_0318,mer_001,ord_1318,8000.0,INR,captured,card,160.0,28.8,0.0,customer_318@example.com,2026-08-28T20:34:00,2026-08-28T20:34:00
pay_0319,mer_001,ord_1319,7000.0,INR,captured,upi,56.0,10.08,0.0,customer_319@example.com,2026-08-29T05:48:00,2026-08-29T05:48:00
pay_0320,mer_001,ord_1320,2677.27,INR,captured,upi,21.42,3.86,0.0,customer_320@example.com,2026-08-16T16:13:00,2026-08-16T16:13:00
pay_0321,mer_001,ord_1321,7000.0,INR,captured,upi,56.0,10.08,0.0,customer_321@example.com,2026-08-17T15:52:00,2026-08-17T15:52:00
pay_0322,mer_001,ord_1322,12778.45,INR,captured,upi,102.23,18.4,0.0,customer_322@example.com,2026-08-26T18:18:00,2026-08-26T18:18:00
pay_0323,mer_001,ord_1323,5329.28,INR,captured,upi,42.63,7.67,0.0,customer_323@example.com,2026-08-27T22:58:00,2026-08-27T22:58:00
pay_0324,mer_001,ord_1324,19924.25,INR,captured,upi,159.39,28.69,0.0,customer_324@example.com,2026-08-26T19:53:00,2026-08-26T19:53:00
pay_0325,mer_001,ord_1325,8000.0,INR,captured,upi,64.0,11.52,0.0,customer_325@example.com,2026-08-21T23:04:00,2026-08-21T23:04:00
pay_0326,mer_001,ord_1326,8000.0,INR,captured,card,160.0,28.8,0.0,customer_326@example.com,2026-08-29T20:29:00,2026-08-29T20:29:00
pay_0327,mer_001,ord_1327,2513.6,INR,captured,card,50.27,9.05,0.0,customer_327@example.com,2026-08-23T05:42:00,2026-08-23T05:42:00
pay_0328,mer_001,ord_1328,7000.0,INR,captured,card,140.0,25.2,0.0,customer_328@example.com,2026-08-22T17:20:00,2026-08-22T17:20:00
pay_0329,mer_001,ord_1329,10000.0,INR,captured,card,200.0,36.0,0.0,customer_329@example.com,2026-08-30T06:48:00,2026-08-30T06:48:00
pay_0330,mer_001,ord_1330,6811.39,INR,captured,netbanking,102.17,18.39,2724.56,customer_330@example.com,2026-08-17T23:29:00,2026-08-17T23:29:00
pay_0331,mer_001,ord_1331,8000.0,INR,captured,upi,64.0,11.52,0.0,customer_331@example.com,2026-08-29T17:05:00,2026-08-29T17:05:00
pay_0332,mer_001,ord_1332,23364.6,INR,captured,upi,186.92,33.65,0.0,customer_332@example.com,2026-08-25T18:46:00,2026-08-25T18:46:00
pay_0333,mer_001,ord_1333,891.7,INR,captured,upi,7.13,1.28,0.0,customer_333@example.com,2026-08-16T13:37:00,2026-08-16T13:37:00
pay_0334,mer_001,ord_1334,2551.08,INR,captured,wallet,20.41,3.67,0.0,customer_334@example.com,2026-08-22T07:08:00,2026-08-22T07:08:00
pay_0335,mer_001,ord_1335,2991.32,INR,captured,upi,23.93,4.31,0.0,customer_335@example.com,2026-08-29T18:08:00,2026-08-29T18:08:00
pay_0336,mer_001,ord_1336,18906.79,INR,captured,upi,151.25,27.22,0.0,customer_336@example.com,2026-08-24T09:39:00,2026-08-24T09:39:00
pay_0337,mer_001,ord_1337,18677.36,INR,captured,netbanking,280.16,50.43,0.0,customer_337@example.com,2026-08-25T06:28:00,2026-08-25T06:28:00
pay_0338,mer_001,ord_1338,7000.0,INR,captured,upi,56.0,10.08,0.0,customer_338@example.com,2026-08-21T19:50:00,2026-08-21T19:50:00
pay_0339,mer_001,ord_1339,8000.0,INR,captured,card,160.0,28.8,0.0,customer_339@example.com,2026-08-26T09:54:00,2026-08-26T09:54:00
pay_0340,mer_001,ord_1340,5000.0,INR,captured,card,100.0,18.0,0.0,customer_340@example.com,2026-08-20T05:03:00,2026-08-20T05:03:00
pay_0341,mer_001,ord_1341,5000.0,INR,captured,upi,40.0,7.2,0.0,customer_341@example.com,2026-08-24T11:33:00,2026-08-24T11:33:00
pay_0342,mer_001,ord_1342,7000.0,INR,captured,netbanking,105.0,18.9,0.0,customer_342@example.com,2026-08-24T22:23:00,2026-08-24T22:23:00
pay_0343,mer_001,ord_1343,5090.58,INR,captured,upi,40.72,7.33,0.0,customer_343@example.com,2026-08-16T09:16:00,2026-08-16T09:16:00
pay_0344,mer_001,ord_1344,8000.0,INR,captured,upi,64.0,11.52,0.0,customer_344@example.com,2026-08-23T22:27:00,2026-08-23T22:27:00
pay_0345,mer_001,ord_1345,8000.0,INR,captured,upi,64.0,11.52,0.0,customer_345@example.com,2026-08-17T01:58:00,2026-08-17T01:58:00
pay_0346,mer_001,ord_1346,5450.15,INR,captured,upi,43.6,7.85,0.0,customer_346@example.com,2026-08-22T08:54:00,2026-08-22T08:54:00
pay_0347,mer_001,ord_1347,913.41,INR,captured,upi,7.31,1.32,0.0,customer_347@example.com,2026-08-27T06:47:00,2026-08-27T06:47:00
pay_0348,mer_001,ord_1348,10000.0,INR,captured,wallet,80.0,14.4,0.0,customer_348@example.com,2026-08-24T01:50:00,2026-08-24T01:50:00
pay_0349,mer_001,ord_1349,8000.0,INR,captured,card,160.0,28.8,0.0,customer_349@example.com,2026-08-16T09:21:00,2026-08-16T09:21:00
pay_0350,mer_001,ord_1350,2851.3,INR,captured,upi,22.81,4.11,0.0,customer_350@example.com,2026-08-23T20:03:00,2026-08-23T20:03:00
pay_0351,mer_001,ord_1351,4522.28,INR,captured,netbanking,67.83,12.21,0.0,customer_351@example.com,2026-08-26T08:07:00,2026-08-26T08:07:00
pay_0352,mer_001,ord_1352,5000.0,INR,captured,upi,40.0,7.2,0.0,customer_352@example.com,2026-08-20T21:58:00,2026-08-20T21:58:00
pay_0353,mer_001,ord_1353,7000.0,INR,captured,upi,56.0,10.08,0.0,customer_353@example.com,2026-08-18T22:58:00,2026-08-18T22:58:00
pay_0354,mer_001,ord_1354,969.64,INR,captured,upi,7.76,1.4,0.0,customer_354@example.com,2026-08-28T01:02:00,2026-08-28T01:02:00
pay_0355,mer_001,ord_1355,8000.0,INR,captured,upi,64.0,11.52,0.0,customer_355@example.com,2026-08-23T23:00:00,2026-08-23T23:00:00
pay_0356,mer_001,ord_1356,5000.0,INR,captured,upi,40.0,7.2,0.0,customer_356@example.com,2026-08-25T00:49:00,2026-08-25T00:49:00
pay_0357,mer_001,ord_1357,21531.55,INR,captured,upi,172.25,31.0,0.0,customer_357@example.com,2026-08-21T09:14:00,2026-08-21T09:14:00
pay_0358,mer_001,ord_1358,2500.0,INR,captured,upi,20.0,3.6,0.0,customer_358@example.com,2026-08-25T21:54:00,2026-08-25T21:54:00
pay_0359,mer_001,ord_1359,7000.0,INR,captured,upi,56.0,10.08,0.0,customer_359@example.com,2026-08-15T13:45:00,2026-08-15T13:45:00
pay_0360,mer_001,ord_1360,7000.0,INR,captured,card,140.0,25.2,0.0,customer_360@example.com,2026-08-20T23:47:00,2026-08-20T23:47:00
pay_0361,mer_001,ord_1361,3234.33,INR,captured,upi,25.87,4.66,0.0,customer_361@example.com,2026-08-15T22:42:00,2026-08-15T22:42:00
pay_0362,mer_001,ord_1362,7000.0,INR,captured,card,140.0,25.2,0.0,customer_362@example.com,2026-08-26T19:20:00,2026-08-26T19:20:00
pay_0363,mer_001,ord_1363,7689.55,INR,captured,upi,61.52,11.07,0.0,customer_363@example.com,2026-08-17T23:29:00,2026-08-17T23:29:00
pay_0364,mer_001,ord_1364,10000.0,INR,captured,upi,80.0,14.4,0.0,customer_364@example.com,2026-08-19T12:05:00,2026-08-19T12:05:00
pay_0365,mer_001,ord_1365,1840.72,INR,captured,upi,14.73,2.65,0.0,customer_365@example.com,2026-08-28T19:09:00,2026-08-28T19:09:00
pay_0366,mer_001,ord_1366,8000.0,INR,captured,upi,64.0,11.52,0.0,customer_366@example.com,2026-08-17T09:25:00,2026-08-17T09:25:00
pay_0367,mer_001,ord_1367,5525.66,INR,captured,card,110.51,19.89,0.0,customer_367@example.com,2026-08-17T12:00:00,2026-08-17T12:00:00
pay_0368,mer_001,ord_1368,7000.0,INR,captured,upi,56.0,10.08,0.0,customer_368@example.com,2026-08-26T05:05:00,2026-08-26T05:05:00
pay_0369,mer_001,ord_1369,6970.11,INR,captured,upi,55.76,10.04,0.0,customer_369@example.com,2026-08-25T23:51:00,2026-08-25T23:51:00
pay_0370,mer_001,ord_1370,2300.66,INR,captured,netbanking,34.51,6.21,0.0,customer_370@example.com,2026-08-15T14:59:00,2026-08-15T14:59:00
pay_0371,mer_001,ord_1371,7000.0,INR,captured,upi,56.0,10.08,0.0,customer_371@example.com,2026-08-18T14:17:00,2026-08-18T14:17:00
pay_0372,mer_001,ord_1372,5000.0,INR,captured,upi,40.0,7.2,0.0,customer_372@example.com,2026-08-22T22:56:00,2026-08-22T22:56:00
pay_0373,mer_001,ord_1373,5000.0,INR,captured,upi,40.0,7.2,0.0,customer_373@example.com,2026-08-28T01:15:00,2026-08-28T01:15:00
pay_0374,mer_001,ord_1374,2500.0,INR,captured,upi,20.0,3.6,0.0,customer_374@example.com,2026-08-28T00:22:00,2026-08-28T00:22:00
pay_0375,mer_001,ord_1375,2500.0,INR,captured,upi,20.0,3.6,0.0,customer_375@example.com,2026-08-15T17:03:00,2026-08-15T17:03:00
pay_0376,mer_001,ord_1376,5000.0,INR,captured,wallet,40.0,7.2,0.0,customer_376@example.com,2026-08-16T16:42:00,2026-08-16T16:42:00
pay_0377,mer_001,ord_1377,5000.0,INR,captured,upi,40.0,7.2,0.0,customer_377@example.com,2026-08-27T21:22:00,2026-08-27T21:22:00
pay_0378,mer_001,ord_1378,2500.0,INR,captured,card,50.0,9.0,0.0,customer_378@example.com,2026-08-26T20:58:00,2026-08-26T20:58:00
pay_0379,mer_001,ord_1379,17650.07,INR,captured,upi,141.2,25.42,0.0,customer_379@example.com,2026-08-19T00:34:00,2026-08-19T00:34:00
pay_0380,mer_001,ord_1380,5000.0,INR,captured,upi,40.0,7.2,0.0,customer_380@example.com,2026-08-22T09:21:00,2026-08-22T09:21:00
pay_0381,mer_001,ord_1381,2500.0,INR,captured,upi,20.0,3.6,0.0,customer_381@example.com,2026-08-18T03:45:00,2026-08-18T03:45:00
pay_0382,mer_001,ord_1382,7155.64,INR,captured,upi,57.25,10.3,0.0,customer_382@example.com,2026-08-25T21:37:00,2026-08-25T21:37:00
pay_0383,mer_001,ord_1383,7000.0,INR,captured,card,140.0,25.2,0.0,customer_383@example.com,2026-08-23T05:20:00,2026-08-23T05:20:00
pay_0384,mer_001,ord_1384,2500.0,INR,captured,upi,20.0,3.6,0.0,customer_384@example.com,2026-08-24T14:24:00,2026-08-24T14:24:00
pay_0385,mer_001,ord_1385,7000.0,INR,captured,netbanking,105.0,18.9,0.0,customer_385@example.com,2026-08-28T03:02:00,2026-08-28T03:02:00
pay_0386,mer_001,ord_1386,6948.44,INR,captured,netbanking,104.23,18.76,0.0,customer_386@example.com,2026-08-17T19:47:00,2026-08-17T19:47:00
pay_0387,mer_001,ord_1387,4257.35,INR,captured,card,85.15,15.33,0.0,customer_387@example.com,2026-08-26T05:46:00,2026-08-26T05:46:00
pay_0388,mer_001,ord_1388,3958.67,INR,refunded,upi,31.67,5.7,3958.67,customer_388@example.com,2026-08-27T12:46:00,2026-08-27T12:46:00
pay_0389,mer_001,ord_1389,10000.0,INR,captured,netbanking,150.0,27.0,0.0,customer_389@example.com,2026-08-21T02:24:00,2026-08-21T02:24:00
pay_0390,mer_001,ord_1390,5000.0,INR,refunded,upi,40.0,7.2,5000.0,customer_390@example.com,2026-08-16T10:18:00,2026-08-16T10:18:00
pay_0391,mer_001,ord_1391,23094.83,INR,captured,card,461.9,83.14,0.0,customer_391@example.com,2026-08-23T11:21:00,2026-08-23T11:21:00
pay_0392,mer_001,ord_1392,8526.88,INR,captured,upi,68.22,12.28,0.0,customer_392@example.com,2026-08-21T14:03:00,2026-08-21T14:03:00
pay_0393,mer_001,ord_1393,8000.0,INR,captured,card,160.0,28.8,0.0,customer_393@example.com,2026-08-19T16:06:00,2026-08-19T16:06:00
pay_0394,mer_001,ord_1394,2500.0,INR,captured,upi,20.0,3.6,0.0,customer_394@example.com,2026-08-16T18:52:00,2026-08-16T18:52:00
pay_0395,mer_001,ord_1395,8437.51,INR,captured,upi,67.5,12.15,0.0,customer_395@example.com,2026-08-17T00:54:00,2026-08-17T00:54:00
pay_0396,mer_001,ord_1396,8000.0,INR,captured,upi,64.0,11.52,0.0,customer_396@example.com,2026-08-23T21:11:00,2026-08-23T21:11:00
pay_0397,mer_001,ord_1397,10000.0,INR,captured,upi,80.0,14.4,0.0,customer_397@example.com,2026-08-18T17:36:00,2026-08-18T17:36:00
pay_0398,mer_001,ord_1398,2500.0,INR,captured,card,50.0,9.0,0.0,customer_398@example.com,2026-08-22T03:14:00,2026-08-22T03:14:00
pay_0399,mer_001,ord_1399,10000.0,INR,captured,upi,80.0,14.4,0.0,customer_399@example.com,2026-08-19T00:19:00,2026-08-19T00:19:00
pay_0400,mer_001,ord_1400,16535.72,INR,captured,upi,132.29,23.81,0.0,customer_400@example.com,2026-08-27T23:11:00,2026-08-27T23:11:00
pay_0401,mer_001,ord_1401,751.05,INR,captured,upi,6.01,1.08,0.0,customer_401@example.com,2026-08-25T22:12:00,2026-08-25T22:12:00
pay_0402,mer_001,ord_1402,7087.59,INR,captured,upi,56.7,10.21,0.0,customer_402@example.com,2026-08-23T21:35:00,2026-08-23T21:35:00
pay_0403,mer_001,ord_1403,7000.0,INR,captured,upi,56.0,10.08,0.0,customer_403@example.com,2026-08-17T13:36:00,2026-08-17T13:36:00
pay_0404,mer_001,ord_1404,7668.07,INR,captured,card,153.36,27.6,0.0,customer_404@example.com,2026-08-29T02:56:00,2026-08-29T02:56:00
pay_0405,mer_001,ord_1405,10000.0,INR,captured,upi,80.0,14.4,0.0,customer_405@example.com,2026-08-19T21:09:00,2026-08-19T21:09:00
pay_0406,mer_001,ord_1406,2500.0,INR,captured,card,50.0,9.0,0.0,customer_406@example.com,2026-08-16T08:30:00,2026-08-16T08:30:00
pay_0407,mer_001,ord_1407,8000.0,INR,captured,upi,64.0,11.52,0.0,customer_407@example.com,2026-08-29T00:54:00,2026-08-29T00:54:00
pay_0408,mer_001,ord_1408,10000.0,INR,captured,card,200.0,36.0,0.0,customer_408@example.com,2026-08-20T17:46:00,2026-08-20T17:46:00
pay_0409,mer_001,ord_1409,7000.0,INR,captured,card,140.0,25.2,0.0,customer_409@example.com,2026-08-28T01:55:00,2026-08-28T01:55:00
pay_0410,mer_001,ord_1410,7000.0,INR,captured,upi,56.0,10.08,0.0,customer_410@example.com,2026-08-29T01:56:00,2026-08-29T01:56:00
pay_0411,mer_001,ord_1411,764.85,INR,captured,upi,6.12,1.1,0.0,customer_411@example.com,2026-08-22T10:58:00,2026-08-22T10:58:00
pay_0412,mer_001,ord_1412,7000.0,INR,captured,upi,56.0,10.08,0.0,customer_412@example.com,2026-08-17T06:01:00,2026-08-17T06:01:00
pay_0413,mer_001,ord_1413,10000.0,INR,captured,upi,80.0,14.4,0.0,customer_413@example.com,2026-08-20T20:10:00,2026-08-20T20:10:00
pay_0414,mer_001,ord_1414,943.19,INR,captured,upi,7.55,1.36,0.0,customer_414@example.com,2026-08-18T03:49:00,2026-08-18T03:49:00
pay_0415,mer_001,ord_1415,8000.0,INR,captured,card,160.0,28.8,0.0,customer_415@example.com,2026-08-23T09:55:00,2026-08-23T09:55:00
pay_0416,mer_001,ord_1416,23495.76,INR,captured,upi,187.97,33.83,0.0,customer_416@example.com,2026-08-15T16:16:00,2026-08-15T16:16:00
pay_0417,mer_001,ord_1417,8000.0,INR,captured,upi,64.0,11.52,0.0,customer_417@example.com,2026-08-21T20:29:00,2026-08-21T20:29:00
pay_0418,mer_001,ord_1418,7000.0,INR,captured,upi,56.0,10.08,0.0,customer_418@example.com,2026-08-16T01:42:00,2026-08-16T01:42:00
pay_0419,mer_001,ord_1419,8000.0,INR,captured,upi,64.0,11.52,0.0,customer_419@example.com,2026-08-17T00:04:00,2026-08-17T00:04:00
pay_0420,mer_001,ord_1420,8000.0,INR,captured,upi,64.0,11.52,0.0,customer_420@example.com,2026-08-23T16:57:00,2026-08-23T16:57:00
pay_0421,mer_001,ord_1421,2500.0,INR,captured,card,50.0,9.0,0.0,customer_421@example.com,2026-08-26T09:41:00,2026-08-26T09:41:00
pay_0422,mer_001,ord_1422,1020.77,INR,captured,upi,8.17,1.47,0.0,customer_422@example.com,2026-08-24T15:21:00,2026-08-24T15:21:00
pay_0423,mer_001,ord_1423,2500.0,INR,captured,upi,20.0,3.6,0.0,customer_423@example.com,2026-08-28T14:53:00,2026-08-28T14:53:00
pay_0424,mer_001,ord_1424,8000.0,INR,captured,card,160.0,28.8,0.0,customer_424@example.com,2026-08-23T14:43:00,2026-08-23T14:43:00
pay_0425,mer_001,ord_1425,8000.0,INR,captured,upi,64.0,11.52,0.0,customer_425@example.com,2026-08-29T19:23:00,2026-08-29T19:23:00
pay_0426,mer_001,ord_1426,7181.68,INR,captured,upi,57.45,10.34,0.0,customer_426@example.com,2026-08-19T01:07:00,2026-08-19T01:07:00
pay_0427,mer_001,ord_1427,8919.05,INR,captured,upi,71.35,12.84,0.0,customer_427@example.com,2026-08-18T19:26:00,2026-08-18T19:26:00
pay_0428,mer_001,ord_1428,10434.81,INR,captured,card,208.7,37.57,0.0,customer_428@example.com,2026-08-22T19:40:00,2026-08-22T19:40:00
pay_0429,mer_001,ord_1429,5000.0,INR,captured,card,100.0,18.0,0.0,customer_429@example.com,2026-08-18T03:48:00,2026-08-18T03:48:00
pay_0430,mer_001,ord_1430,7000.0,INR,captured,upi,56.0,10.08,0.0,customer_430@example.com,2026-08-21T22:30:00,2026-08-21T22:30:00
pay_0431,mer_001,ord_1431,479.22,INR,refunded,netbanking,7.19,1.29,479.22,customer_431@example.com,2026-08-28T01:12:00,2026-08-28T01:12:00
pay_0432,mer_001,ord_1432,8000.0,INR,captured,upi,64.0,11.52,0.0,customer_432@example.com,2026-08-22T01:37:00,2026-08-22T01:37:00
pay_0433,mer_001,ord_1433,10000.0,INR,captured,card,200.0,36.0,0.0,customer_433@example.com,2026-08-25T01:21:00,2026-08-25T01:21:00
pay_0434,mer_001,ord_1434,10000.0,INR,captured,upi,80.0,14.4,0.0,customer_434@example.com,2026-08-18T14:58:00,2026-08-18T14:58:00
pay_0435,mer_001,ord_1435,20361.87,INR,captured,upi,162.89,29.32,0.0,customer_435@example.com,2026-08-16T03:32:00,2026-08-16T03:32:00
pay_0436,mer_001,ord_1436,8000.0,INR,captured,card,160.0,28.8,0.0,customer_436@example.com,2026-08-24T10:38:00,2026-08-24T10:38:00
pay_0437,mer_001,ord_1437,6094.62,INR,captured,upi,48.76,8.78,0.0,customer_437@example.com,2026-08-21T12:35:00,2026-08-21T12:35:00
pay_0438,mer_001,ord_1438,1873.92,INR,captured,upi,14.99,2.7,0.0,customer_438@example.com,2026-08-25T12:42:00,2026-08-25T12:42:00
pay_0439,mer_001,ord_1439,6353.99,INR,captured,upi,50.83,9.15,0.0,customer_439@example.com,2026-08-24T12:18:00,2026-08-24T12:18:00
pay_0440,mer_001,ord_1440,8000.0,INR,captured,card,160.0,28.8,0.0,customer_440@example.com,2026-08-18T20:45:00,2026-08-18T20:45:00
pay_0441,mer_001,ord_1441,10000.0,INR,captured,upi,80.0,14.4,0.0,customer_441@example.com,2026-08-15T09:42:00,2026-08-15T09:42:00
pay_0442,mer_001,ord_1442,5657.84,INR,captured,card,113.16,20.37,0.0,customer_442@example.com,2026-08-17T08:46:00,2026-08-17T08:46:00
pay_0443,mer_001,ord_1443,8000.0,INR,captured,upi,64.0,11.52,0.0,customer_443@example.com,2026-08-15T12:52:00,2026-08-15T12:52:00
pay_0444,mer_001,ord_1444,2500.0,INR,captured,upi,20.0,3.6,0.0,customer_444@example.com,2026-08-16T12:54:00,2026-08-16T12:54:00
pay_0445,mer_001,ord_1445,19277.04,INR,captured,upi,154.22,27.76,0.0,customer_445@example.com,2026-08-29T23:39:00,2026-08-29T23:39:00
pay_0446,mer_001,ord_1446,4549.42,INR,captured,upi,36.4,6.55,0.0,customer_446@example.com,2026-08-22T17:53:00,2026-08-22T17:53:00
pay_0447,mer_001,ord_1447,19030.39,INR,captured,upi,152.24,27.4,0.0,customer_447@example.com,2026-08-27T08:03:00,2026-08-27T08:03:00
pay_0448,mer_001,ord_1448,10000.0,INR,captured,card,200.0,36.0,0.0,customer_448@example.com,2026-08-25T23:11:00,2026-08-25T23:11:00
pay_0449,mer_001,ord_1449,22663.79,INR,captured,upi,181.31,32.64,0.0,customer_449@example.com,2026-08-22T12:56:00,2026-08-22T12:56:00
pay_0450,mer_001,ord_1450,5000.0,INR,captured,wallet,40.0,7.2,0.0,customer_450@example.com,2026-08-25T19:33:00,2026-08-25T19:33:00
pay_0451,mer_001,ord_1451,5000.0,INR,captured,upi,40.0,7.2,0.0,customer_451@example.com,2026-08-26T06:41:00,2026-08-26T06:41:00
pay_0452,mer_001,ord_1452,2161.97,INR,captured,upi,17.3,3.11,0.0,customer_452@example.com,2026-08-29T14:32:00,2026-08-29T14:32:00
pay_0453,mer_001,ord_1453,10000.0,INR,captured,upi,80.0,14.4,0.0,customer_453@example.com,2026-08-20T17:03:00,2026-08-20T17:03:00
pay_0454,mer_001,ord_1454,4582.51,INR,captured,upi,36.66,6.6,0.0,customer_454@example.com,2026-08-28T03:28:00,2026-08-28T03:28:00
pay_0455,mer_001,ord_1455,1446.76,INR,captured,upi,11.57,2.08,0.0,customer_455@example.com,2026-08-21T10:35:00,2026-08-21T10:35:00
pay_0456,mer_001,ord_1456,8000.0,INR,captured,netbanking,120.0,21.6,0.0,customer_456@example.com,2026-08-23T15:41:00,2026-08-23T15:41:00
pay_0457,mer_001,ord_1457,5000.0,INR,captured,card,100.0,18.0,0.0,customer_457@example.com,2026-08-21T02:49:00,2026-08-21T02:49:00
pay_0458,mer_001,ord_1458,6114.42,INR,captured,upi,48.92,8.81,0.0,customer_458@example.com,2026-08-25T16:00:00,2026-08-25T16:00:00
pay_0459,mer_001,ord_1459,2500.0,INR,captured,card,50.0,9.0,0.0,customer_459@example.com,2026-08-15T14:31:00,2026-08-15T14:31:00
pay_0460,mer_001,ord_1460,5000.0,INR,captured,upi,40.0,7.2,0.0,customer_460@example.com,2026-08-29T21:13:00,2026-08-29T21:13:00
pay_0461,mer_001,ord_1461,7000.0,INR,captured,upi,56.0,10.08,0.0,customer_461@example.com,2026-08-26T06:37:00,2026-08-26T06:37:00
pay_0462,mer_001,ord_1462,18018.37,INR,captured,wallet,144.15,25.95,0.0,customer_462@example.com,2026-08-16T01:47:00,2026-08-16T01:47:00
pay_0463,mer_001,ord_1463,16209.84,INR,captured,card,324.2,58.36,0.0,customer_463@example.com,2026-08-18T08:52:00,2026-08-18T08:52:00
pay_0464,mer_001,ord_1464,7000.0,INR,captured,upi,56.0,10.08,0.0,customer_464@example.com,2026-08-25T07:48:00,2026-08-25T07:48:00
pay_0465,mer_001,ord_1465,13000.95,INR,captured,upi,104.01,18.72,0.0,customer_465@example.com,2026-08-25T07:56:00,2026-08-25T07:56:00
pay_0466,mer_001,ord_1466,5000.0,INR,captured,upi,40.0,7.2,0.0,customer_466@example.com,2026-08-25T07:18:00,2026-08-25T07:18:00
pay_0467,mer_001,ord_1467,20076.74,INR,captured,upi,160.61,28.91,0.0,customer_467@example.com,2026-08-27T05:20:00,2026-08-27T05:20:00
pay_0468,mer_001,ord_1468,7000.0,INR,captured,card,140.0,25.2,0.0,customer_468@example.com,2026-08-30T02:18:00,2026-08-30T02:18:00
pay_0469,mer_001,ord_1469,7000.0,INR,captured,upi,56.0,10.08,0.0,customer_469@example.com,2026-08-25T10:12:00,2026-08-25T10:12:00
pay_0470,mer_001,ord_1470,19617.64,INR,captured,card,392.35,70.62,0.0,customer_470@example.com,2026-08-26T18:13:00,2026-08-26T18:13:00
pay_0471,mer_001,ord_1471,5000.0,INR,captured,card,100.0,18.0,0.0,customer_471@example.com,2026-08-23T21:15:00,2026-08-23T21:15:00
pay_0472,mer_001,ord_1472,2073.35,INR,captured,netbanking,31.1,5.6,0.0,customer_472@example.com,2026-08-21T22:50:00,2026-08-21T22:50:00
pay_0473,mer_001,ord_1473,8000.0,INR,captured,upi,64.0,11.52,0.0,customer_473@example.com,2026-08-28T23:53:00,2026-08-28T23:53:00
pay_0474,mer_001,ord_1474,5000.0,INR,captured,card,100.0,18.0,0.0,customer_474@example.com,2026-08-18T18:28:00,2026-08-18T18:28:00
pay_0475,mer_001,ord_1475,3528.37,INR,captured,upi,28.23,5.08,0.0,customer_475@example.com,2026-08-21T17:35:00,2026-08-21T17:35:00
pay_0476,mer_001,ord_1476,10000.0,INR,captured,card,200.0,36.0,0.0,customer_476@example.com,2026-08-17T10:09:00,2026-08-17T10:09:00
pay_0477,mer_001,ord_1477,8000.0,INR,captured,upi,64.0,11.52,0.0,customer_477@example.com,2026-08-25T02:22:00,2026-08-25T02:22:00
pay_0478,mer_001,ord_1478,5389.67,INR,captured,card,107.79,19.4,0.0,customer_478@example.com,2026-08-17T22:34:00,2026-08-17T22:34:00
pay_0479,mer_001,ord_1479,2500.0,INR,captured,upi,20.0,3.6,0.0,customer_479@example.com,2026-08-19T15:48:00,2026-08-19T15:48:00
pay_0480,mer_001,ord_1480,1397.2,INR,captured,upi,11.18,2.01,0.0,customer_480@example.com,2026-08-20T23:15:00,2026-08-20T23:15:00
pay_0481,mer_001,ord_1481,2500.0,INR,captured,upi,20.0,3.6,0.0,customer_481@example.com,2026-08-27T12:24:00,2026-08-27T12:24:00
pay_0482,mer_001,ord_1482,2500.0,INR,captured,upi,20.0,3.6,0.0,customer_482@example.com,2026-08-23T23:31:00,2026-08-23T23:31:00
pay_0483,mer_001,ord_1483,3558.82,INR,refunded,upi,28.47,5.12,3558.82,customer_483@example.com,2026-08-28T02:34:00,2026-08-28T02:34:00
pay_0484,mer_001,ord_1484,7000.0,INR,captured,card,140.0,25.2,0.0,customer_484@example.com,2026-08-19T02:53:00,2026-08-19T02:53:00
pay_0485,mer_001,ord_1485,6763.64,INR,captured,card,135.27,24.35,0.0,customer_485@example.com,2026-08-17T09:29:00,2026-08-17T09:29:00
pay_0486,mer_001,ord_1486,8000.0,INR,captured,upi,64.0,11.52,0.0,customer_486@example.com,2026-08-24T16:58:00,2026-08-24T16:58:00
pay_0487,mer_001,ord_1487,1214.87,INR,captured,upi,9.72,1.75,0.0,customer_487@example.com,2026-08-17T02:00:00,2026-08-17T02:00:00
pay_0488,mer_001,ord_1488,6657.78,INR,captured,upi,53.26,9.59,0.0,customer_488@example.com,2026-08-23T12:18:00,2026-08-23T12:18:00
pay_0489,mer_001,ord_1489,10000.0,INR,captured,upi,80.0,14.4,0.0,customer_489@example.com,2026-08-29T06:01:00,2026-08-29T06:01:00
pay_0490,mer_001,ord_1490,8000.0,INR,captured,wallet,64.0,11.52,0.0,customer_490@example.com,2026-08-17T18:43:00,2026-08-17T18:43:00
pay_0491,mer_001,ord_1491,2427.27,INR,captured,upi,19.42,3.5,0.0,customer_491@example.com,2026-08-23T13:07:00,2026-08-23T13:07:00
pay_0492,mer_001,ord_1492,4667.45,INR,captured,upi,37.34,6.72,0.0,customer_492@example.com,2026-08-27T08:57:00,2026-08-27T08:57:00
pay_0493,mer_001,ord_1493,22474.8,INR,captured,upi,179.8,32.36,0.0,customer_493@example.com,2026-08-19T04:53:00,2026-08-19T04:53:00
pay_0494,mer_001,ord_1494,640.71,INR,captured,netbanking,9.61,1.73,0.0,customer_494@example.com,2026-08-30T02:29:00,2026-08-30T02:29:00
pay_0495,mer_001,ord_1495,5000.0,INR,captured,card,100.0,18.0,0.0,customer_495@example.com,2026-08-22T19:22:00,2026-08-22T19:22:00
pay_0496,mer_001,ord_1496,5000.0,INR,captured,upi,40.0,7.2,0.0,customer_496@example.com,2026-08-22T19:39:00,2026-08-22T19:39:00
pay_0497,mer_001,ord_1497,2500.0,INR,captured,wallet,20.0,3.6,0.0,customer_497@example.com,2026-08-17T09:20:00,2026-08-17T09:20:00
pay_0498,mer_001,ord_1498,2500.0,INR,captured,upi,20.0,3.6,0.0,customer_498@example.com,2026-08-26T19:56:00,2026-08-26T19:56:00
pay_0499,mer_001,ord_1499,6761.22,INR,captured,upi,54.09,9.74,0.0,customer_499@example.com,2026-08-24T11:53:00,2026-08-24T11:53:00
pay_0500,mer_001,ord_1500,7402.13,INR,captured,card,148.04,26.65,0.0,customer_500@example.com,2026-08-29T09:54:00,2026-08-29T09:54:00
pay_0501,mer_001,ord_1501,5000.0,INR,captured,netbanking,75.0,13.5,0.0,customer_501@example.com,2026-08-23T17:34:00,2026-08-23T17:34:00
pay_0502,mer_001,ord_1502,7000.0,INR,captured,upi,56.0,10.08,0.0,customer_502@example.com,2026-08-28T03:46:00,2026-08-28T03:46:00
pay_0503,mer_001,ord_1503,2500.0,INR,captured,upi,20.0,3.6,0.0,customer_503@example.com,2026-08-25T16:54:00,2026-08-25T16:54:00
pay_0504,mer_001,ord_1504,20872.5,INR,captured,upi,166.98,30.06,0.0,customer_504@example.com,2026-08-18T03:36:00,2026-08-18T03:36:00
pay_0505,mer_001,ord_1505,2500.0,INR,captured,upi,20.0,3.6,0.0,customer_505@example.com,2026-08-28T00:14:00,2026-08-28T00:14:00
pay_0506,mer_001,ord_1506,2500.0,INR,captured,upi,20.0,3.6,0.0,customer_506@example.com,2026-08-29T23:56:00,2026-08-29T23:56:00
pay_0507,mer_001,ord_1507,8000.0,INR,captured,card,160.0,28.8,0.0,customer_507@example.com,2026-08-20T03:34:00,2026-08-20T03:34:00
pay_0508,mer_001,ord_1508,4581.85,INR,captured,upi,36.65,6.6,0.0,customer_508@example.com,2026-08-21T16:33:00,2026-08-21T16:33:00
pay_0509,mer_001,ord_1509,2116.2,INR,captured,upi,16.93,3.05,0.0,customer_509@example.com,2026-08-17T23:10:00,2026-08-17T23:10:00
pay_0510,mer_001,ord_1510,10554.09,INR,captured,upi,84.43,15.2,0.0,customer_510@example.com,2026-08-26T12:42:00,2026-08-26T12:42:00
pay_0511,mer_001,ord_1511,10000.0,INR,captured,upi,80.0,14.4,0.0,customer_511@example.com,2026-08-24T14:41:00,2026-08-24T14:41:00
pay_0512,mer_001,ord_1512,17749.27,INR,captured,upi,141.99,25.56,0.0,customer_512@example.com,2026-08-23T10:57:00,2026-08-23T10:57:00
pay_0513,mer_001,ord_1513,7000.0,INR,captured,upi,56.0,10.08,0.0,customer_513@example.com,2026-08-25T05:01:00,2026-08-25T05:01:00
pay_0514,mer_001,ord_1514,5000.0,INR,captured,upi,40.0,7.2,0.0,customer_514@example.com,2026-08-23T00:10:00,2026-08-23T00:10:00
pay_0515,mer_001,ord_1515,17904.98,INR,captured,upi,143.24,25.78,0.0,customer_515@example.com,2026-08-23T17:10:00,2026-08-23T17:10:00
pay_0516,mer_001,ord_1516,5000.0,INR,captured,upi,40.0,7.2,0.0,customer_516@example.com,2026-08-17T12:01:00,2026-08-17T12:01:00
pay_0517,mer_001,ord_1517,15136.52,INR,captured,upi,121.09,21.8,0.0,customer_517@example.com,2026-08-18T00:57:00,2026-08-18T00:57:00
pay_0518,mer_001,ord_1518,6811.28,INR,captured,upi,54.49,9.81,0.0,customer_518@example.com,2026-08-25T13:57:00,2026-08-25T13:57:00
pay_0519,mer_001,ord_1519,7000.0,INR,captured,upi,56.0,10.08,0.0,customer_519@example.com,2026-08-20T10:44:00,2026-08-20T10:44:00
pay_0520,mer_001,ord_1520,7000.0,INR,captured,upi,56.0,10.08,0.0,customer_520@example.com,2026-08-28T08:58:00,2026-08-28T08:58:00
pay_0521,mer_001,ord_1521,10000.0,INR,captured,card,200.0,36.0,0.0,customer_521@example.com,2026-08-29T11:18:00,2026-08-29T11:18:00
pay_0522,mer_001,ord_1522,1541.84,INR,captured,upi,12.33,2.22,0.0,customer_522@example.com,2026-08-17T01:00:00,2026-08-17T01:00:00
pay_0523,mer_001,ord_1523,6923.58,INR,captured,upi,55.39,9.97,0.0,customer_523@example.com,2026-08-26T03:16:00,2026-08-26T03:16:00
pay_0524,mer_001,ord_1524,7000.0,INR,captured,card,140.0,25.2,0.0,customer_524@example.com,2026-08-22T02:50:00,2026-08-22T02:50:00
pay_0525,mer_001,ord_1525,8000.0,INR,captured,upi,64.0,11.52,0.0,customer_525@example.com,2026-08-28T07:25:00,2026-08-28T07:25:00
pay_0526,mer_001,ord_1526,10000.0,INR,captured,card,200.0,36.0,0.0,customer_526@example.com,2026-08-17T12:13:00,2026-08-17T12:13:00
pay_0527,mer_001,ord_1527,2050.77,INR,captured,upi,16.41,2.95,0.0,customer_527@example.com,2026-08-25T09:51:00,2026-08-25T09:51:00
pay_0528,mer_001,ord_1528,7592.24,INR,captured,upi,60.74,10.93,0.0,customer_528@example.com,2026-08-20T11:38:00,2026-08-20T11:38:00
pay_0529,mer_001,ord_1529,8000.0,INR,captured,card,160.0,28.8,0.0,customer_529@example.com,2026-08-24T10:49:00,2026-08-24T10:49:00
pay_0530,mer_001,ord_1530,8000.0,INR,captured,upi,64.0,11.52,0.0,customer_530@example.com,2026-08-28T04:32:00,2026-08-28T04:32:00
pay_0531,mer_001,ord_1531,5000.0,INR,captured,card,100.0,18.0,0.0,customer_531@example.com,2026-08-17T11:17:00,2026-08-17T11:17:00
pay_0532,mer_001,ord_1532,1141.57,INR,captured,card,22.83,4.11,0.0,customer_532@example.com,2026-08-16T11:35:00,2026-08-16T11:35:00
pay_0533,mer_001,ord_1533,8000.0,INR,captured,upi,64.0,11.52,0.0,customer_533@example.com,2026-08-18T23:59:00,2026-08-18T23:59:00
pay_0534,mer_001,ord_1534,3462.69,INR,captured,upi,27.7,4.99,0.0,customer_534@example.com,2026-08-20T12:51:00,2026-08-20T12:51:00
pay_0535,mer_001,ord_1535,8000.0,INR,captured,card,160.0,28.8,0.0,customer_535@example.com,2026-08-22T03:30:00,2026-08-22T03:30:00
pay_0536,mer_001,ord_1536,10000.0,INR,captured,netbanking,150.0,27.0,0.0,customer_536@example.com,2026-08-28T09:30:00,2026-08-28T09:30:00
pay_0537,mer_001,ord_1537,5000.0,INR,captured,card,100.0,18.0,0.0,customer_537@example.com,2026-08-21T20:33:00,2026-08-21T20:33:00
pay_0538,mer_001,ord_1538,7000.0,INR,captured,card,140.0,25.2,0.0,customer_538@example.com,2026-08-28T19:04:00,2026-08-28T19:04:00
pay_0539,mer_001,ord_1539,8000.0,INR,captured,upi,64.0,11.52,0.0,customer_539@example.com,2026-08-27T06:59:00,2026-08-27T06:59:00
pay_0540,mer_001,ord_1540,8000.0,INR,captured,upi,64.0,11.52,0.0,customer_540@example.com,2026-08-18T16:53:00,2026-08-18T16:53:00
pay_0541,mer_001,ord_1541,10000.0,INR,captured,upi,80.0,14.4,0.0,customer_541@example.com,2026-08-28T02:02:00,2026-08-28T02:02:00
pay_0542,mer_001,ord_1542,8000.0,INR,captured,upi,64.0,11.52,0.0,customer_542@example.com,2026-08-28T01:17:00,2026-08-28T01:17:00
pay_0543,mer_001,ord_1543,7000.0,INR,captured,upi,56.0,10.08,0.0,customer_543@example.com,2026-08-23T10:32:00,2026-08-23T10:32:00
pay_0544,mer_001,ord_1544,6767.47,INR,captured,card,135.35,24.36,2706.99,customer_544@example.com,2026-08-22T19:44:00,2026-08-22T19:44:00
pay_0545,mer_001,ord_1545,8000.0,INR,captured,upi,64.0,11.52,0.0,customer_545@example.com,2026-08-19T16:17:00,2026-08-19T16:17:00
pay_0546,mer_001,ord_1546,5000.0,INR,captured,upi,40.0,7.2,0.0,customer_546@example.com,2026-08-27T20:23:00,2026-08-27T20:23:00
pay_0547,mer_001,ord_1547,5000.0,INR,captured,card,100.0,18.0,0.0,customer_547@example.com,2026-08-26T17:51:00,2026-08-26T17:51:00
pay_0548,mer_001,ord_1548,10479.34,INR,captured,upi,83.83,15.09,0.0,customer_548@example.com,2026-08-15T14:26:00,2026-08-15T14:26:00
pay_0549,mer_001,ord_1549,2500.0,INR,captured,card,50.0,9.0,0.0,customer_549@example.com,2026-08-19T17:35:00,2026-08-19T17:35:00
pay_0550,mer_001,ord_1550,5000.0,INR,captured,card,100.0,18.0,0.0,customer_550@example.com,2026-08-23T05:06:00,2026-08-23T05:06:00
pay_0551,mer_001,ord_1551,8000.0,INR,captured,upi,64.0,11.52,0.0,customer_551@example.com,2026-08-21T12:22:00,2026-08-21T12:22:00
pay_0552,mer_001,ord_1552,17790.21,INR,captured,wallet,142.32,25.62,0.0,customer_552@example.com,2026-08-19T20:20:00,2026-08-19T20:20:00
pay_0553,mer_001,ord_1553,7000.0,INR,captured,upi,56.0,10.08,0.0,customer_553@example.com,2026-08-23T05:09:00,2026-08-23T05:09:00
pay_0554,mer_001,ord_1554,7000.0,INR,captured,card,140.0,25.2,0.0,customer_554@example.com,2026-08-16T11:10:00,2026-08-16T11:10:00
pay_0555,mer_001,ord_1555,7000.0,INR,captured,upi,56.0,10.08,0.0,customer_555@example.com,2026-08-22T20:47:00,2026-08-22T20:47:00
pay_0556,mer_001,ord_1556,2427.6,INR,captured,upi,19.42,3.5,0.0,customer_556@example.com,2026-08-19T06:16:00,2026-08-19T06:16:00
pay_0557,mer_001,ord_1557,2940.36,INR,captured,upi,23.52,4.23,0.0,customer_557@example.com,2026-08-30T00:35:00,2026-08-30T00:35:00
pay_0558,mer_001,ord_1558,5381.91,INR,captured,upi,43.06,7.75,0.0,customer_558@example.com,2026-08-17T11:41:00,2026-08-17T11:41:00
pay_0559,mer_001,ord_1559,10000.0,INR,captured,upi,80.0,14.4,0.0,customer_559@example.com,2026-08-18T01:53:00,2026-08-18T01:53:00
pay_0560,mer_001,ord_1560,10000.0,INR,captured,upi,80.0,14.4,0.0,customer_560@example.com,2026-08-29T02:59:00,2026-08-29T02:59:00
pay_0561,mer_001,ord_1561,19859.59,INR,captured,upi,158.88,28.6,0.0,customer_561@example.com,2026-08-23T05:47:00,2026-08-23T05:47:00
pay_0562,mer_001,ord_1562,8000.0,INR,captured,netbanking,120.0,21.6,0.0,customer_562@example.com,2026-08-23T02:14:00,2026-08-23T02:14:00
pay_0563,mer_001,ord_1563,8000.0,INR,captured,upi,64.0,11.52,0.0,customer_563@example.com,2026-08-23T13:22:00,2026-08-23T13:22:00
pay_0564,mer_001,ord_1564,10000.0,INR,captured,upi,80.0,14.4,0.0,customer_564@example.com,2026-08-27T22:51:00,2026-08-27T22:51:00
pay_0565,mer_001,ord_1565,7000.0,INR,captured,netbanking,105.0,18.9,0.0,customer_565@example.com,2026-08-21T21:15:00,2026-08-21T21:15:00
pay_0566,mer_001,ord_1566,8000.0,INR,captured,upi,64.0,11.52,0.0,customer_566@example.com,2026-08-25T16:33:00,2026-08-25T16:33:00
pay_0567,mer_001,ord_1567,8000.0,INR,captured,upi,64.0,11.52,0.0,customer_567@example.com,2026-08-23T17:26:00,2026-08-23T17:26:00
pay_0568,mer_001,ord_1568,10000.0,INR,captured,upi,80.0,14.4,0.0,customer_568@example.com,2026-08-20T07:39:00,2026-08-20T07:39:00
pay_0569,mer_001,ord_1569,1073.35,INR,captured,upi,8.59,1.55,0.0,customer_569@example.com,2026-08-16T18:17:00,2026-08-16T18:17:00
pay_0570,mer_001,ord_1570,1320.67,INR,captured,upi,10.57,1.9,0.0,customer_570@example.com,2026-08-20T22:19:00,2026-08-20T22:19:00
pay_0571,mer_001,ord_1571,1446.63,INR,captured,upi,11.57,2.08,0.0,customer_571@example.com,2026-08-28T13:03:00,2026-08-28T13:03:00
pay_0572,mer_001,ord_1572,8000.0,INR,captured,card,160.0,28.8,0.0,customer_572@example.com,2026-08-28T09:07:00,2026-08-28T09:07:00
pay_0573,mer_001,ord_1573,5000.0,INR,captured,card,100.0,18.0,0.0,customer_573@example.com,2026-08-15T15:29:00,2026-08-15T15:29:00
pay_0574,mer_001,ord_1574,7000.0,INR,captured,card,140.0,25.2,0.0,customer_574@example.com,2026-08-19T19:10:00,2026-08-19T19:10:00
pay_0575,mer_001,ord_1575,8000.0,INR,captured,upi,64.0,11.52,0.0,customer_575@example.com,2026-08-19T15:23:00,2026-08-19T15:23:00
pay_0576,mer_001,ord_1576,7000.0,INR,captured,upi,56.0,10.08,0.0,customer_576@example.com,2026-08-17T17:37:00,2026-08-17T17:37:00
pay_0577,mer_001,ord_1577,10000.0,INR,captured,card,200.0,36.0,0.0,customer_577@example.com,2026-08-17T20:49:00,2026-08-17T20:49:00
pay_0578,mer_001,ord_1578,731.17,INR,captured,upi,5.85,1.05,0.0,customer_578@example.com,2026-08-25T13:44:00,2026-08-25T13:44:00
pay_0579,mer_001,ord_1579,2500.0,INR,refunded,card,50.0,9.0,2500.0,customer_579@example.com,2026-08-23T08:12:00,2026-08-23T08:12:00
pay_0580,mer_001,ord_1580,10000.0,INR,captured,upi,80.0,14.4,0.0,customer_580@example.com,2026-08-24T07:31:00,2026-08-24T07:31:00
pay_0581,mer_001,ord_1581,8000.0,INR,captured,netbanking,120.0,21.6,0.0,customer_581@example.com,2026-08-25T02:10:00,2026-08-25T02:10:00
pay_0582,mer_001,ord_1582,2500.0,INR,captured,upi,20.0,3.6,0.0,customer_582@example.com,2026-08-28T05:32:00,2026-08-28T05:32:00
pay_0583,mer_001,ord_1583,5000.0,INR,captured,upi,40.0,7.2,0.0,customer_583@example.com,2026-08-17T06:34:00,2026-08-17T06:34:00
pay_0584,mer_001,ord_1584,21017.48,INR,captured,upi,168.14,30.27,0.0,customer_584@example.com,2026-08-20T22:41:00,2026-08-20T22:41:00
pay_0585,mer_001,ord_1585,8744.21,INR,captured,upi,69.95,12.59,0.0,customer_585@example.com,2026-08-15T15:06:00,2026-08-15T15:06:00
pay_0586,mer_001,ord_1586,10000.0,INR,captured,upi,80.0,14.4,0.0,customer_586@example.com,2026-08-27T03:16:00,2026-08-27T03:16:00
pay_0587,mer_001,ord_1587,5000.0,INR,captured,card,100.0,18.0,0.0,customer_587@example.com,2026-08-29T11:29:00,2026-08-29T11:29:00
pay_0588,mer_001,ord_1588,7000.0,INR,captured,card,140.0,25.2,0.0,customer_588@example.com,2026-08-28T07:03:00,2026-08-28T07:03:00
pay_0589,mer_001,ord_1589,8000.0,INR,captured,upi,64.0,11.52,0.0,customer_589@example.com,2026-08-19T01:06:00,2026-08-19T01:06:00
pay_0590,mer_001,ord_1590,5000.0,INR,captured,upi,40.0,7.2,0.0,customer_590@example.com,2026-08-18T02:47:00,2026-08-18T02:47:00
pay_0591,mer_001,ord_1591,10000.0,INR,captured,card,200.0,36.0,0.0,customer_591@example.com,2026-08-21T12:10:00,2026-08-21T12:10:00
pay_0592,mer_001,ord_1592,10000.0,INR,captured,netbanking,150.0,27.0,0.0,customer_592@example.com,2026-08-29T19:35:00,2026-08-29T19:35:00
pay_0593,mer_001,ord_1593,7000.0,INR,captured,card,140.0,25.2,0.0,customer_593@example.com,2026-08-21T04:15:00,2026-08-21T04:15:00
pay_0594,mer_001,ord_1594,8000.0,INR,refunded,upi,64.0,11.52,8000.0,customer_594@example.com,2026-08-22T23:25:00,2026-08-22T23:25:00
pay_0595,mer_001,ord_1595,8000.0,INR,captured,upi,64.0,11.52,0.0,customer_595@example.com,2026-08-18T15:54:00,2026-08-18T15:54:00
pay_0596,mer_001,ord_1596,21979.74,INR,captured,upi,175.84,31.65,0.0,customer_596@example.com,2026-08-22T20:09:00,2026-08-22T20:09:00
pay_0597,mer_001,ord_1597,8000.0,INR,captured,upi,64.0,11.52,0.0,customer_597@example.com,2026-08-22T03:58:00,2026-08-22T03:58:00
pay_0598,mer_001,ord_1598,10000.0,INR,captured,card,200.0,36.0,0.0,customer_598@example.com,2026-08-27T07:36:00,2026-08-27T07:36:00
pay_0599,mer_001,ord_1599,7000.0,INR,captured,upi,56.0,10.08,0.0,customer_599@example.com,2026-08-15T19:22:00,2026-08-15T19:22:00
pay_0600,mer_001,ord_1600,5000.0,INR,captured,card,100.0,18.0,2000.0,customer_600@example.com,2026-08-29T04:59:00,2026-08-29T04:59:00
pay_0601,mer_001,ord_1601,8700.1,INR,captured,upi,69.6,12.53,0.0,customer_601@example.com,2026-08-26T16:09:00,2026-08-26T16:09:00
pay_0602,mer_001,ord_1602,4660.85,INR,captured,upi,37.29,6.71,0.0,customer_602@example.com,2026-08-19T21:09:00,2026-08-19T21:09:00
pay_0603,mer_001,ord_1603,7000.0,INR,captured,upi,56.0,10.08,0.0,customer_603@example.com,2026-08-22T01:27:00,2026-08-22T01:27:00
pay_0604,mer_001,ord_1604,10000.0,INR,captured,upi,80.0,14.4,0.0,customer_604@example.com,2026-08-24T15:35:00,2026-08-24T15:35:00
pay_0605,mer_001,ord_1605,7000.0,INR,captured,upi,56.0,10.08,0.0,customer_605@example.com,2026-08-30T03:05:00,2026-08-30T03:05:00
pay_0606,mer_001,ord_1606,2500.0,INR,captured,upi,20.0,3.6,0.0,customer_606@example.com,2026-08-15T18:10:00,2026-08-15T18:10:00
pay_0607,mer_001,ord_1607,15517.57,INR,captured,upi,124.14,22.35,0.0,customer_607@example.com,2026-08-29T16:12:00,2026-08-29T16:12:00
pay_0608,mer_001,ord_1608,727.58,INR,captured,upi,5.82,1.05,0.0,customer_608@example.com,2026-08-24T13:55:00,2026-08-24T13:55:00
pay_0609,mer_001,ord_1609,8000.0,INR,captured,upi,64.0,11.52,0.0,customer_609@example.com,2026-08-15T19:13:00,2026-08-15T19:13:00
pay_0610,mer_001,ord_1610,10000.0,INR,captured,upi,80.0,14.4,0.0,customer_610@example.com,2026-08-18T07:44:00,2026-08-18T07:44:00
pay_0611,mer_001,ord_1611,8000.0,INR,captured,upi,64.0,11.52,0.0,customer_611@example.com,2026-08-19T15:50:00,2026-08-19T15:50:00
pay_0612,mer_001,ord_1612,5057.28,INR,captured,upi,40.46,7.28,0.0,customer_612@example.com,2026-08-20T06:54:00,2026-08-20T06:54:00
pay_0613,mer_001,ord_1613,7000.0,INR,captured,upi,56.0,10.08,0.0,customer_613@example.com,2026-08-22T01:45:00,2026-08-22T01:45:00
pay_0614,mer_001,ord_1614,17036.53,INR,captured,upi,136.29,24.53,0.0,customer_614@example.com,2026-08-23T02:59:00,2026-08-23T02:59:00
pay_0615,mer_001,ord_1615,10000.0,INR,captured,upi,80.0,14.4,0.0,customer_615@example.com,2026-08-17T09:22:00,2026-08-17T09:22:00
pay_0616,mer_001,ord_1616,8000.0,INR,captured,card,160.0,28.8,0.0,customer_616@example.com,2026-08-25T17:56:00,2026-08-25T17:56:00
pay_0617,mer_001,ord_1617,8000.0,INR,captured,upi,64.0,11.52,0.0,customer_617@example.com,2026-08-20T21:42:00,2026-08-20T21:42:00
pay_0618,mer_001,ord_1618,5000.0,INR,captured,upi,40.0,7.2,0.0,customer_618@example.com,2026-08-24T13:27:00,2026-08-24T13:27:00
pay_0619,mer_001,ord_1619,5000.0,INR,captured,card,100.0,18.0,0.0,customer_619@example.com,2026-08-25T02:43:00,2026-08-25T02:43:00
pay_0620,mer_001,ord_1620,19987.32,INR,captured,upi,159.9,28.78,0.0,customer_620@example.com,2026-08-29T13:41:00,2026-08-29T13:41:00
pay_0621,mer_001,ord_1621,4246.23,INR,refunded,upi,33.97,6.11,4246.23,customer_621@example.com,2026-08-28T13:46:00,2026-08-28T13:46:00
pay_0622,mer_001,ord_1622,8000.0,INR,captured,upi,64.0,11.52,0.0,customer_622@example.com,2026-08-18T12:08:00,2026-08-18T12:08:00
pay_0623,mer_001,ord_1623,5000.0,INR,captured,upi,40.0,7.2,0.0,customer_623@example.com,2026-08-19T06:01:00,2026-08-19T06:01:00
pay_0624,mer_001,ord_1624,10000.0,INR,captured,card,200.0,36.0,0.0,customer_624@example.com,2026-08-20T14:54:00,2026-08-20T14:54:00
pay_0625,mer_001,ord_1625,7000.0,INR,captured,card,140.0,25.2,0.0,customer_625@example.com,2026-08-15T17:26:00,2026-08-15T17:26:00
pay_0626,mer_001,ord_1626,11477.56,INR,captured,netbanking,172.16,30.99,0.0,customer_626@example.com,2026-08-23T04:31:00,2026-08-23T04:31:00
pay_0627,mer_001,ord_1627,2220.23,INR,captured,upi,17.76,3.2,0.0,customer_627@example.com,2026-08-28T21:46:00,2026-08-28T21:46:00
pay_0628,mer_001,ord_1628,1684.16,INR,captured,upi,13.47,2.42,0.0,customer_628@example.com,2026-08-22T23:52:00,2026-08-22T23:52:00
pay_0629,mer_001,ord_1629,2243.34,INR,captured,upi,17.95,3.23,0.0,customer_629@example.com,2026-08-24T05:03:00,2026-08-24T05:03:00
pay_0630,mer_001,ord_1630,8000.0,INR,captured,upi,64.0,11.52,0.0,customer_630@example.com,2026-08-21T18:39:00,2026-08-21T18:39:00
pay_0631,mer_001,ord_1631,10000.0,INR,captured,upi,80.0,14.4,0.0,customer_631@example.com,2026-08-23T12:11:00,2026-08-23T12:11:00
pay_0632,mer_001,ord_1632,7000.0,INR,captured,upi,56.0,10.08,0.0,customer_632@example.com,2026-08-15T14:29:00,2026-08-15T14:29:00
pay_0633,mer_001,ord_1633,8000.0,INR,captured,upi,64.0,11.52,0.0,customer_633@example.com,2026-08-26T07:50:00,2026-08-26T07:50:00
pay_0634,mer_001,ord_1634,2500.0,INR,captured,upi,20.0,3.6,0.0,customer_634@example.com,2026-08-26T21:46:00,2026-08-26T21:46:00
pay_0635,mer_001,ord_1635,7000.0,INR,captured,upi,56.0,10.08,0.0,customer_635@example.com,2026-08-17T19:36:00,2026-08-17T19:36:00
pay_0636,mer_001,ord_1636,2211.61,INR,captured,upi,17.69,3.18,0.0,customer_636@example.com,2026-08-20T08:49:00,2026-08-20T08:49:00
pay_0637,mer_001,ord_1637,5000.0,INR,captured,upi,40.0,7.2,0.0,customer_637@example.com,2026-08-27T17:00:00,2026-08-27T17:00:00
pay_0638,mer_001,ord_1638,10000.0,INR,captured,upi,80.0,14.4,0.0,customer_638@example.com,2026-08-25T06:30:00,2026-08-25T06:30:00
pay_0639,mer_001,ord_1639,8000.0,INR,captured,upi,64.0,11.52,0.0,customer_639@example.com,2026-08-23T15:03:00,2026-08-23T15:03:00
pay_0640,mer_001,ord_1640,515.63,INR,captured,card,10.31,1.86,0.0,customer_640@example.com,2026-08-29T04:19:00,2026-08-29T04:19:00
pay_0641,mer_001,ord_1641,24893.5,INR,captured,card,497.87,89.62,0.0,customer_641@example.com,2026-08-25T06:44:00,2026-08-25T06:44:00
pay_0642,mer_001,ord_1642,2500.0,INR,captured,netbanking,37.5,6.75,0.0,customer_642@example.com,2026-08-16T18:20:00,2026-08-16T18:20:00
pay_0643,mer_001,ord_1643,2872.17,INR,captured,upi,22.98,4.14,0.0,customer_643@example.com,2026-08-17T12:44:00,2026-08-17T12:44:00
pay_0644,mer_001,ord_1644,5000.0,INR,captured,upi,40.0,7.2,0.0,customer_644@example.com,2026-08-17T03:46:00,2026-08-17T03:46:00
pay_0645,mer_001,ord_1645,8000.0,INR,captured,upi,64.0,11.52,0.0,customer_645@example.com,2026-08-28T19:16:00,2026-08-28T19:16:00
pay_0646,mer_001,ord_1646,10000.0,INR,captured,upi,80.0,14.4,0.0,customer_646@example.com,2026-08-26T00:31:00,2026-08-26T00:31:00
pay_0647,mer_001,ord_1647,5000.0,INR,captured,upi,40.0,7.2,0.0,customer_647@example.com,2026-08-15T23:40:00,2026-08-15T23:40:00
pay_0648,mer_001,ord_1648,7000.0,INR,captured,upi,56.0,10.08,0.0,customer_648@example.com,2026-08-20T20:35:00,2026-08-20T20:35:00
pay_0649,mer_001,ord_1649,8000.0,INR,captured,card,160.0,28.8,0.0,customer_649@example.com,2026-08-19T18:32:00,2026-08-19T18:32:00
pay_0650,mer_001,ord_1650,7000.0,INR,captured,card,140.0,25.2,0.0,customer_650@example.com,2026-08-24T09:53:00,2026-08-24T09:53:00
pay_0651,mer_001,ord_1651,10000.0,INR,captured,card,200.0,36.0,0.0,customer_651@example.com,2026-08-25T13:30:00,2026-08-25T13:30:00
pay_0652,mer_001,ord_1652,10000.0,INR,captured,card,200.0,36.0,0.0,customer_652@example.com,2026-08-22T08:03:00,2026-08-22T08:03:00
pay_0653,mer_001,ord_1653,1028.62,INR,captured,upi,8.23,1.48,0.0,customer_653@example.com,2026-08-25T19:51:00,2026-08-25T19:51:00
pay_0654,mer_001,ord_1654,2071.14,INR,captured,upi,16.57,2.98,0.0,customer_654@example.com,2026-08-22T05:34:00,2026-08-22T05:34:00
pay_0655,mer_001,ord_1655,8000.0,INR,captured,card,160.0,28.8,0.0,customer_655@example.com,2026-08-21T07:02:00,2026-08-21T07:02:00
pay_0656,mer_001,ord_1656,8000.0,INR,captured,upi,64.0,11.52,0.0,customer_656@example.com,2026-08-19T14:07:00,2026-08-19T14:07:00
pay_0657,mer_001,ord_1657,478.53,INR,captured,card,9.57,1.72,0.0,customer_657@example.com,2026-08-30T01:09:00,2026-08-30T01:09:00
pay_0658,mer_001,ord_1658,2500.0,INR,captured,upi,20.0,3.6,0.0,customer_658@example.com,2026-08-28T12:52:00,2026-08-28T12:52:00
pay_0659,mer_001,ord_1659,1483.91,INR,captured,upi,11.87,2.14,593.56,customer_659@example.com,2026-08-27T01:07:00,2026-08-27T01:07:00
pay_0660,mer_001,ord_1660,10000.0,INR,captured,netbanking,150.0,27.0,0.0,customer_660@example.com,2026-08-17T01:49:00,2026-08-17T01:49:00
pay_0661,mer_001,ord_1661,5000.0,INR,captured,upi,40.0,7.2,0.0,customer_661@example.com,2026-08-18T18:17:00,2026-08-18T18:17:00
pay_0662,mer_001,ord_1662,12635.12,INR,captured,upi,101.08,18.19,0.0,customer_662@example.com,2026-08-16T04:35:00,2026-08-16T04:35:00
pay_0663,mer_001,ord_1663,13414.24,INR,captured,netbanking,201.21,36.22,0.0,customer_663@example.com,2026-08-27T18:36:00,2026-08-27T18:36:00
pay_0664,mer_001,ord_1664,10000.0,INR,captured,upi,80.0,14.4,0.0,customer_664@example.com,2026-08-16T00:57:00,2026-08-16T00:57:00
pay_0665,mer_001,ord_1665,15249.92,INR,captured,card,305.0,54.9,0.0,customer_665@example.com,2026-08-30T03:40:00,2026-08-30T03:40:00
pay_0666,mer_001,ord_1666,5000.0,INR,captured,card,100.0,18.0,0.0,customer_666@example.com,2026-08-26T02:05:00,2026-08-26T02:05:00
pay_0667,mer_001,ord_1667,10000.0,INR,captured,upi,80.0,14.4,0.0,customer_667@example.com,2026-08-20T06:41:00,2026-08-20T06:41:00
pay_0668,mer_001,ord_1668,8000.0,INR,captured,netbanking,120.0,21.6,0.0,customer_668@example.com,2026-08-21T14:44:00,2026-08-21T14:44:00
pay_0669,mer_001,ord_1669,10000.0,INR,captured,upi,80.0,14.4,0.0,customer_669@example.com,2026-08-22T12:22:00,2026-08-22T12:22:00
pay_0670,mer_001,ord_1670,13926.46,INR,captured,upi,111.41,20.05,0.0,customer_670@example.com,2026-08-22T07:50:00,2026-08-22T07:50:00
pay_0671,mer_001,ord_1671,10000.0,INR,captured,upi,80.0,14.4,0.0,customer_671@example.com,2026-08-21T16:39:00,2026-08-21T16:39:00
pay_0672,mer_001,ord_1672,5000.0,INR,captured,card,100.0,18.0,0.0,customer_672@example.com,2026-08-24T22:50:00,2026-08-24T22:50:00
pay_0673,mer_001,ord_1673,19800.26,INR,captured,card,396.01,71.28,0.0,customer_673@example.com,2026-08-17T08:59:00,2026-08-17T08:59:00
pay_0674,mer_001,ord_1674,2500.0,INR,captured,upi,20.0,3.6,0.0,customer_674@example.com,2026-08-28T23:11:00,2026-08-28T23:11:00
pay_0675,mer_001,ord_1675,7000.0,INR,captured,upi,56.0,10.08,0.0,customer_675@example.com,2026-08-26T06:03:00,2026-08-26T06:03:00
pay_0676,mer_001,ord_1676,2115.77,INR,captured,card,42.32,7.62,0.0,customer_676@example.com,2026-08-25T13:28:00,2026-08-25T13:28:00
pay_0677,mer_001,ord_1677,2500.0,INR,captured,upi,20.0,3.6,0.0,customer_677@example.com,2026-08-28T06:19:00,2026-08-28T06:19:00
pay_0678,mer_001,ord_1678,6447.85,INR,captured,upi,51.58,9.28,0.0,customer_678@example.com,2026-08-25T01:25:00,2026-08-25T01:25:00
pay_0679,mer_001,ord_1679,2190.26,INR,captured,upi,17.52,3.15,0.0,customer_679@example.com,2026-08-23T20:07:00,2026-08-23T20:07:00
pay_0680,mer_001,ord_1680,7000.0,INR,captured,upi,56.0,10.08,0.0,customer_680@example.com,2026-08-26T21:25:00,2026-08-26T21:25:00
pay_0681,mer_001,ord_1681,5000.0,INR,captured,upi,40.0,7.2,0.0,customer_681@example.com,2026-08-28T20:53:00,2026-08-28T20:53:00
pay_0682,mer_001,ord_1682,1005.79,INR,captured,upi,8.05,1.45,0.0,customer_682@example.com,2026-08-15T13:46:00,2026-08-15T13:46:00
pay_0683,mer_001,ord_1683,10308.19,INR,captured,upi,82.47,14.84,0.0,customer_683@example.com,2026-08-21T23:57:00,2026-08-21T23:57:00
pay_0684,mer_001,ord_1684,7000.0,INR,captured,upi,56.0,10.08,0.0,customer_684@example.com,2026-08-22T21:22:00,2026-08-22T21:22:00
pay_0685,mer_001,ord_1685,5000.0,INR,captured,card,100.0,18.0,0.0,customer_685@example.com,2026-08-19T22:59:00,2026-08-19T22:59:00
pay_0686,mer_001,ord_1686,2500.0,INR,captured,upi,20.0,3.6,0.0,customer_686@example.com,2026-08-23T07:05:00,2026-08-23T07:05:00
pay_0687,mer_001,ord_1687,8000.0,INR,captured,upi,64.0,11.52,0.0,customer_687@example.com,2026-08-17T01:56:00,2026-08-17T01:56:00
pay_0688,mer_001,ord_1688,5968.65,INR,captured,card,119.37,21.49,0.0,customer_688@example.com,2026-08-24T03:19:00,2026-08-24T03:19:00
pay_0689,mer_001,ord_1689,10000.0,INR,captured,upi,80.0,14.4,0.0,customer_689@example.com,2026-08-23T03:46:00,2026-08-23T03:46:00
pay_0690,mer_001,ord_1690,13008.51,INR,captured,upi,104.07,18.73,0.0,customer_690@example.com,2026-08-30T04:47:00,2026-08-30T04:47:00
pay_0691,mer_001,ord_1691,18698.1,INR,captured,upi,149.58,26.92,0.0,customer_691@example.com,2026-08-25T18:51:00,2026-08-25T18:51:00
pay_0692,mer_001,ord_1692,5166.18,INR,captured,netbanking,77.49,13.95,0.0,customer_692@example.com,2026-08-19T17:08:00,2026-08-19T17:08:00
pay_0693,mer_001,ord_1693,20604.3,INR,captured,netbanking,309.06,55.63,0.0,customer_693@example.com,2026-08-26T13:42:00,2026-08-26T13:42:00
pay_0694,mer_001,ord_1694,10000.0,INR,captured,upi,80.0,14.4,0.0,customer_694@example.com,2026-08-23T10:21:00,2026-08-23T10:21:00
pay_0695,mer_001,ord_1695,10000.0,INR,captured,card,200.0,36.0,0.0,customer_695@example.com,2026-08-21T21:15:00,2026-08-21T21:15:00
pay_0696,mer_001,ord_1696,2500.0,INR,captured,upi,20.0,3.6,0.0,customer_696@example.com,2026-08-19T12:03:00,2026-08-19T12:03:00
pay_0697,mer_001,ord_1697,5000.0,INR,captured,upi,40.0,7.2,0.0,customer_697@example.com,2026-08-26T21:30:00,2026-08-26T21:30:00
pay_0698,mer_001,ord_1698,10000.0,INR,captured,upi,80.0,14.4,0.0,customer_698@example.com,2026-08-21T01:43:00,2026-08-21T01:43:00
pay_0699,mer_001,ord_1699,7000.0,INR,captured,upi,56.0,10.08,0.0,customer_699@example.com,2026-08-25T17:21:00,2026-08-25T17:21:00
pay_0700,mer_001,ord_1700,10000.0,INR,captured,card,200.0,36.0,0.0,customer_700@example.com,2026-08-26T16:46:00,2026-08-26T16:46:00
pay_0701,mer_001,ord_1701,19521.21,INR,captured,upi,156.17,28.11,0.0,customer_701@example.com,2026-08-16T06:00:00,2026-08-16T06:00:00
pay_0702,mer_001,ord_1702,10000.0,INR,captured,upi,80.0,14.4,0.0,customer_702@example.com,2026-08-26T18:16:00,2026-08-26T18:16:00
pay_0703,mer_001,ord_1703,5000.0,INR,captured,wallet,40.0,7.2,0.0,customer_703@example.com,2026-08-25T12:45:00,2026-08-25T12:45:00
pay_0704,mer_001,ord_1704,14391.29,INR,captured,netbanking,215.87,38.86,0.0,customer_704@example.com,2026-08-26T14:16:00,2026-08-26T14:16:00
pay_0705,mer_001,ord_1705,8000.0,INR,captured,card,160.0,28.8,0.0,customer_705@example.com,2026-08-27T06:49:00,2026-08-27T06:49:00
pay_0706,mer_001,ord_1706,940.41,INR,captured,upi,7.52,1.35,0.0,customer_706@example.com,2026-08-20T10:16:00,2026-08-20T10:16:00
pay_0707,mer_001,ord_1707,5000.0,INR,captured,upi,40.0,7.2,0.0,customer_707@example.com,2026-08-18T05:31:00,2026-08-18T05:31:00
pay_0708,mer_001,ord_1708,4871.89,INR,captured,netbanking,73.08,13.15,0.0,customer_708@example.com,2026-08-26T17:06:00,2026-08-26T17:06:00
pay_0709,mer_001,ord_1709,547.87,INR,refunded,netbanking,8.22,1.48,547.87,customer_709@example.com,2026-08-18T05:40:00,2026-08-18T05:40:00
pay_0710,mer_001,ord_1710,7000.0,INR,captured,upi,56.0,10.08,0.0,customer_710@example.com,2026-08-24T07:49:00,2026-08-24T07:49:00
pay_0711,mer_001,ord_1711,7142.27,INR,captured,upi,57.14,10.29,0.0,customer_711@example.com,2026-08-15T21:44:00,2026-08-15T21:44:00
pay_0712,mer_001,ord_1712,2500.0,INR,captured,upi,20.0,3.6,0.0,customer_712@example.com,2026-08-19T21:03:00,2026-08-19T21:03:00
pay_0713,mer_001,ord_1713,2500.0,INR,captured,upi,20.0,3.6,0.0,customer_713@example.com,2026-08-22T18:41:00,2026-08-22T18:41:00
pay_0714,mer_001,ord_1714,8000.0,INR,captured,card,160.0,28.8,0.0,customer_714@example.com,2026-08-29T12:40:00,2026-08-29T12:40:00
pay_0715,mer_001,ord_1715,5000.0,INR,captured,upi,40.0,7.2,0.0,customer_715@example.com,2026-08-18T09:46:00,2026-08-18T09:46:00
pay_0716,mer_001,ord_1716,8000.0,INR,captured,upi,64.0,11.52,0.0,customer_716@example.com,2026-08-28T23:01:00,2026-08-28T23:01:00
pay_0717,mer_001,ord_1717,6832.78,INR,captured,upi,54.66,9.84,0.0,customer_717@example.com,2026-08-26T06:33:00,2026-08-26T06:33:00
pay_0718,mer_001,ord_1718,5000.0,INR,captured,netbanking,75.0,13.5,0.0,customer_718@example.com,2026-08-16T08:09:00,2026-08-16T08:09:00
pay_0719,mer_001,ord_1719,5000.0,INR,captured,card,100.0,18.0,0.0,customer_719@example.com,2026-08-17T09:11:00,2026-08-17T09:11:00
pay_0720,mer_001,ord_1720,9653.97,INR,captured,card,193.08,34.75,0.0,customer_720@example.com,2026-08-16T12:07:00,2026-08-16T12:07:00
pay_0721,mer_001,ord_1721,7000.0,INR,captured,upi,56.0,10.08,0.0,customer_721@example.com,2026-08-29T08:43:00,2026-08-29T08:43:00
pay_0722,mer_001,ord_1722,2500.0,INR,captured,card,50.0,9.0,0.0,customer_722@example.com,2026-08-27T15:48:00,2026-08-27T15:48:00
pay_0723,mer_001,ord_1723,7000.0,INR,captured,upi,56.0,10.08,0.0,customer_723@example.com,2026-08-21T02:10:00,2026-08-21T02:10:00
pay_0724,mer_001,ord_1724,7000.0,INR,refunded,card,140.0,25.2,7000.0,customer_724@example.com,2026-08-16T00:05:00,2026-08-16T00:05:00
pay_0725,mer_001,ord_1725,7000.0,INR,captured,card,140.0,25.2,0.0,customer_725@example.com,2026-08-28T00:44:00,2026-08-28T00:44:00
pay_0726,mer_001,ord_1726,5000.0,INR,captured,netbanking,75.0,13.5,0.0,customer_726@example.com,2026-08-25T07:02:00,2026-08-25T07:02:00
pay_0727,mer_001,ord_1727,8000.0,INR,captured,upi,64.0,11.52,0.0,customer_727@example.com,2026-08-16T02:15:00,2026-08-16T02:15:00
pay_0728,mer_001,ord_1728,5000.0,INR,captured,upi,40.0,7.2,0.0,customer_728@example.com,2026-08-26T06:13:00,2026-08-26T06:13:00
pay_0729,mer_001,ord_1729,10000.0,INR,captured,upi,80.0,14.4,0.0,customer_729@example.com,2026-08-18T06:59:00,2026-08-18T06:59:00
pay_0730,mer_001,ord_1730,2500.0,INR,captured,upi,20.0,3.6,0.0,customer_730@example.com,2026-08-29T23:02:00,2026-08-29T23:02:00
pay_0731,mer_001,ord_1731,510.16,INR,captured,upi,4.08,0.73,0.0,customer_731@example.com,2026-08-16T11:57:00,2026-08-16T11:57:00
pay_0732,mer_001,ord_1732,2500.0,INR,captured,upi,20.0,3.6,0.0,customer_732@example.com,2026-08-16T19:14:00,2026-08-16T19:14:00
pay_0733,mer_001,ord_1733,5000.0,INR,captured,upi,40.0,7.2,0.0,customer_733@example.com,2026-08-25T00:03:00,2026-08-25T00:03:00
pay_0734,mer_001,ord_1734,7000.0,INR,captured,upi,56.0,10.08,0.0,customer_734@example.com,2026-08-23T08:12:00,2026-08-23T08:12:00
pay_0735,mer_001,ord_1735,2448.67,INR,captured,upi,19.59,3.53,0.0,customer_735@example.com,2026-08-16T23:29:00,2026-08-16T23:29:00
pay_0736,mer_001,ord_1736,13017.75,INR,captured,card,260.36,46.86,0.0,customer_736@example.com,2026-08-26T04:57:00,2026-08-26T04:57:00
pay_0737,mer_001,ord_1737,10000.0,INR,captured,netbanking,150.0,27.0,0.0,customer_737@example.com,2026-08-19T03:30:00,2026-08-19T03:30:00
pay_0738,mer_001,ord_1738,5000.0,INR,captured,upi,40.0,7.2,0.0,customer_738@example.com,2026-08-22T03:14:00,2026-08-22T03:14:00
pay_0739,mer_001,ord_1739,1642.72,INR,captured,upi,13.14,2.37,0.0,customer_739@example.com,2026-08-15T10:30:00,2026-08-15T10:30:00
pay_0740,mer_001,ord_1740,4841.34,INR,captured,upi,38.73,6.97,0.0,customer_740@example.com,2026-08-18T11:35:00,2026-08-18T11:35:00
pay_0741,mer_001,ord_1741,2500.0,INR,captured,upi,20.0,3.6,0.0,customer_741@example.com,2026-08-25T11:01:00,2026-08-25T11:01:00
pay_0742,mer_001,ord_1742,1040.16,INR,captured,wallet,8.32,1.5,0.0,customer_742@example.com,2026-08-22T13:55:00,2026-08-22T13:55:00
pay_0743,mer_001,ord_1743,788.39,INR,captured,netbanking,11.83,2.13,0.0,customer_743@example.com,2026-08-16T21:57:00,2026-08-16T21:57:00
pay_0744,mer_001,ord_1744,5000.0,INR,captured,card,100.0,18.0,0.0,customer_744@example.com,2026-08-17T04:56:00,2026-08-17T04:56:00
pay_0745,mer_001,ord_1745,2500.0,INR,captured,netbanking,37.5,6.75,0.0,customer_745@example.com,2026-08-16T21:23:00,2026-08-16T21:23:00
pay_0746,mer_001,ord_1746,4515.38,INR,captured,upi,36.12,6.5,0.0,customer_746@example.com,2026-08-27T15:08:00,2026-08-27T15:08:00
pay_0747,mer_001,ord_1747,5000.0,INR,captured,card,100.0,18.0,0.0,customer_747@example.com,2026-08-27T16:20:00,2026-08-27T16:20:00
pay_0748,mer_001,ord_1748,6241.25,INR,captured,upi,49.93,8.99,0.0,customer_748@example.com,2026-08-23T00:32:00,2026-08-23T00:32:00
pay_0749,mer_001,ord_1749,8000.0,INR,captured,upi,64.0,11.52,0.0,customer_749@example.com,2026-08-21T06:44:00,2026-08-21T06:44:00
pay_0750,mer_001,ord_1750,10000.0,INR,captured,upi,80.0,14.4,0.0,customer_750@example.com,2026-08-21T14:18:00,2026-08-21T14:18:00
pay_0751,mer_001,ord_1751,9904.42,INR,captured,upi,79.24,14.26,0.0,customer_751@example.com,2026-08-28T15:33:00,2026-08-28T15:33:00
pay_0752,mer_001,ord_1752,19600.86,INR,captured,upi,156.81,28.23,0.0,customer_752@example.com,2026-08-21T23:47:00,2026-08-21T23:47:00
pay_0753,mer_001,ord_1753,5000.0,INR,captured,card,100.0,18.0,0.0,customer_753@example.com,2026-08-24T05:21:00,2026-08-24T05:21:00
pay_0754,mer_001,ord_1754,10000.0,INR,captured,upi,80.0,14.4,0.0,customer_754@example.com,2026-08-24T13:57:00,2026-08-24T13:57:00
pay_0755,mer_001,ord_1755,8000.0,INR,captured,card,160.0,28.8,0.0,customer_755@example.com,2026-08-15T13:22:00,2026-08-15T13:22:00
pay_0756,mer_001,ord_1756,8000.0,INR,captured,upi,64.0,11.52,0.0,customer_756@example.com,2026-08-18T07:44:00,2026-08-18T07:44:00
pay_0757,mer_001,ord_1757,2500.0,INR,captured,upi,20.0,3.6,0.0,customer_757@example.com,2026-08-22T17:23:00,2026-08-22T17:23:00
pay_0758,mer_001,ord_1758,2500.0,INR,captured,upi,20.0,3.6,0.0,customer_758@example.com,2026-08-23T02:10:00,2026-08-23T02:10:00
pay_0759,mer_001,ord_1759,23828.17,INR,captured,netbanking,357.42,64.34,9531.27,customer_759@example.com,2026-08-29T19:09:00,2026-08-29T19:09:00
pay_0760,mer_001,ord_1760,10000.0,INR,captured,netbanking,150.0,27.0,0.0,customer_760@example.com,2026-08-28T03:42:00,2026-08-28T03:42:00
pay_0761,mer_001,ord_1761,7487.84,INR,captured,card,149.76,26.96,0.0,customer_761@example.com,2026-08-29T10:08:00,2026-08-29T10:08:00
pay_0762,mer_001,ord_1762,5000.0,INR,captured,upi,40.0,7.2,0.0,customer_762@example.com,2026-08-16T19:03:00,2026-08-16T19:03:00
pay_0763,mer_001,ord_1763,8000.0,INR,captured,upi,64.0,11.52,0.0,customer_763@example.com,2026-08-17T02:54:00,2026-08-17T02:54:00
pay_0764,mer_001,ord_1764,5000.0,INR,captured,upi,40.0,7.2,0.0,customer_764@example.com,2026-08-25T04:32:00,2026-08-25T04:32:00
pay_0765,mer_001,ord_1765,7000.0,INR,captured,upi,56.0,10.08,0.0,customer_765@example.com,2026-08-20T09:18:00,2026-08-20T09:18:00
pay_0766,mer_001,ord_1766,5000.0,INR,captured,card,100.0,18.0,0.0,customer_766@example.com,2026-08-23T08:26:00,2026-08-23T08:26:00
pay_0767,mer_001,ord_1767,7000.0,INR,captured,card,140.0,25.2,0.0,customer_767@example.com,2026-08-21T13:53:00,2026-08-21T13:53:00
pay_0768,mer_001,ord_1768,2500.0,INR,captured,upi,20.0,3.6,1000.0,customer_768@example.com,2026-08-24T21:05:00,2026-08-24T21:05:00
pay_0769,mer_001,ord_1769,15856.04,INR,captured,upi,126.85,22.83,0.0,customer_769@example.com,2026-08-28T21:18:00,2026-08-28T21:18:00
pay_0770,mer_001,ord_1770,8000.0,INR,refunded,upi,64.0,11.52,8000.0,customer_770@example.com,2026-08-26T23:14:00,2026-08-26T23:14:00
pay_0771,mer_001,ord_1771,10000.0,INR,captured,upi,80.0,14.4,0.0,customer_771@example.com,2026-08-25T18:26:00,2026-08-25T18:26:00
pay_0772,mer_001,ord_1772,8000.0,INR,captured,upi,64.0,11.52,0.0,customer_772@example.com,2026-08-17T04:47:00,2026-08-17T04:47:00
pay_0773,mer_001,ord_1773,10000.0,INR,captured,wallet,80.0,14.4,0.0,customer_773@example.com,2026-08-28T12:23:00,2026-08-28T12:23:00
pay_0774,mer_001,ord_1774,1608.05,INR,captured,upi,12.86,2.31,0.0,customer_774@example.com,2026-08-23T07:08:00,2026-08-23T07:08:00
pay_0775,mer_001,ord_1775,2500.0,INR,captured,upi,20.0,3.6,0.0,customer_775@example.com,2026-08-20T01:40:00,2026-08-20T01:40:00
pay_0776,mer_001,ord_1776,6715.43,INR,captured,upi,53.72,9.67,0.0,customer_776@example.com,2026-08-18T02:20:00,2026-08-18T02:20:00
pay_0777,mer_001,ord_1777,2500.0,INR,captured,upi,20.0,3.6,0.0,customer_777@example.com,2026-08-24T20:52:00,2026-08-24T20:52:00
pay_0778,mer_001,ord_1778,7000.0,INR,captured,upi,56.0,10.08,0.0,customer_778@example.com,2026-08-29T14:06:00,2026-08-29T14:06:00
pay_0779,mer_001,ord_1779,7073.65,INR,captured,upi,56.59,10.19,0.0,customer_779@example.com,2026-08-29T11:07:00,2026-08-29T11:07:00
pay_0780,mer_001,ord_1780,2500.0,INR,captured,upi,20.0,3.6,0.0,customer_780@example.com,2026-08-23T04:33:00,2026-08-23T04:33:00
pay_0781,mer_001,ord_1781,6404.42,INR,captured,upi,51.24,9.22,0.0,customer_781@example.com,2026-08-29T07:09:00,2026-08-29T07:09:00
pay_0782,mer_001,ord_1782,7000.0,INR,refunded,card,140.0,25.2,7000.0,customer_782@example.com,2026-08-27T12:04:00,2026-08-27T12:04:00
pay_0783,mer_001,ord_1783,1305.62,INR,captured,upi,10.44,1.88,0.0,customer_783@example.com,2026-08-29T17:02:00,2026-08-29T17:02:00
pay_0784,mer_001,ord_1784,5000.0,INR,captured,upi,40.0,7.2,0.0,customer_784@example.com,2026-08-18T14:42:00,2026-08-18T14:42:00
pay_0785,mer_001,ord_1785,2500.0,INR,captured,upi,20.0,3.6,0.0,customer_785@example.com,2026-08-29T01:49:00,2026-08-29T01:49:00
pay_0786,mer_001,ord_1786,907.83,INR,captured,upi,7.26,1.31,0.0,customer_786@example.com,2026-08-26T15:18:00,2026-08-26T15:18:00
pay_0787,mer_001,ord_1787,5000.0,INR,captured,netbanking,75.0,13.5,0.0,customer_787@example.com,2026-08-29T07:30:00,2026-08-29T07:30:00
pay_0788,mer_001,ord_1788,24281.71,INR,captured,card,485.63,87.41,0.0,customer_788@example.com,2026-08-21T22:13:00,2026-08-21T22:13:00
pay_0789,mer_001,ord_1789,10000.0,INR,captured,upi,80.0,14.4,0.0,customer_789@example.com,2026-08-18T00:48:00,2026-08-18T00:48:00
pay_0790,mer_001,ord_1790,10000.0,INR,captured,upi,80.0,14.4,0.0,customer_790@example.com,2026-08-19T23:38:00,2026-08-19T23:38:00
pay_0791,mer_001,ord_1791,7000.0,INR,captured,upi,56.0,10.08,0.0,customer_791@example.com,2026-08-28T22:12:00,2026-08-28T22:12:00
pay_0792,mer_001,ord_1792,2500.0,INR,captured,upi,20.0,3.6,0.0,customer_792@example.com,2026-08-26T00:43:00,2026-08-26T00:43:00
pay_0793,mer_001,ord_1793,9445.1,INR,captured,upi,75.56,13.6,0.0,customer_793@example.com,2026-08-27T03:06:00,2026-08-27T03:06:00
pay_0794,mer_001,ord_1794,5000.0,INR,captured,upi,40.0,7.2,0.0,customer_794@example.com,2026-08-24T21:07:00,2026-08-24T21:07:00
pay_0795,mer_001,ord_1795,8000.0,INR,captured,card,160.0,28.8,0.0,customer_795@example.com,2026-08-28T05:25:00,2026-08-28T05:25:00
pay_0796,mer_001,ord_1796,8000.0,INR,captured,upi,64.0,11.52,0.0,customer_796@example.com,2026-08-22T12:07:00,2026-08-22T12:07:00
pay_0797,mer_001,ord_1797,5956.04,INR,captured,card,119.12,21.44,0.0,customer_797@example.com,2026-08-28T11:31:00,2026-08-28T11:31:00
pay_0798,mer_001,ord_1798,19546.47,INR,captured,upi,156.37,28.15,0.0,customer_798@example.com,2026-08-24T12:48:00,2026-08-24T12:48:00
pay_0799,mer_001,ord_1799,5000.0,INR,captured,upi,40.0,7.2,0.0,customer_799@example.com,2026-08-23T00:32:00,2026-08-23T00:32:00
pay_0800,mer_001,ord_1800,1121.59,INR,captured,wallet,8.97,1.61,0.0,customer_800@example.com,2026-08-29T12:24:00,2026-08-29T12:24:00
pay_0801,mer_001,ord_1801,8611.68,INR,captured,upi,68.89,12.4,0.0,customer_801@example.com,2026-08-28T18:56:00,2026-08-28T18:56:00
pay_0802,mer_001,ord_1802,10000.0,INR,captured,card,200.0,36.0,0.0,customer_802@example.com,2026-08-25T06:31:00,2026-08-25T06:31:00
pay_0803,mer_001,ord_1803,16090.49,INR,captured,upi,128.72,23.17,0.0,customer_803@example.com,2026-08-21T17:31:00,2026-08-21T17:31:00
pay_0804,mer_001,ord_1804,8000.0,INR,captured,upi,64.0,11.52,0.0,customer_804@example.com,2026-08-16T03:02:00,2026-08-16T03:02:00
pay_0805,mer_001,ord_1805,2500.0,INR,captured,upi,20.0,3.6,0.0,customer_805@example.com,2026-08-21T20:22:00,2026-08-21T20:22:00
pay_0806,mer_001,ord_1806,8000.0,INR,captured,upi,64.0,11.52,0.0,customer_806@example.com,2026-08-30T07:04:00,2026-08-30T07:04:00
pay_0807,mer_001,ord_1807,640.39,INR,captured,upi,5.12,0.92,0.0,customer_807@example.com,2026-08-28T22:36:00,2026-08-28T22:36:00
pay_0808,mer_001,ord_1808,1284.46,INR,captured,wallet,10.28,1.85,0.0,customer_808@example.com,2026-08-22T03:24:00,2026-08-22T03:24:00
pay_0809,mer_001,ord_1809,5000.0,INR,captured,upi,40.0,7.2,0.0,customer_809@example.com,2026-08-24T06:21:00,2026-08-24T06:21:00
pay_0810,mer_001,ord_1810,7831.85,INR,captured,card,156.64,28.2,0.0,customer_810@example.com,2026-08-23T15:18:00,2026-08-23T15:18:00
pay_0811,mer_001,ord_1811,5654.36,INR,captured,card,113.09,20.36,0.0,customer_811@example.com,2026-08-24T12:37:00,2026-08-24T12:37:00
pay_0812,mer_001,ord_1812,5000.0,INR,captured,upi,40.0,7.2,0.0,customer_812@example.com,2026-08-17T05:52:00,2026-08-17T05:52:00
pay_0813,mer_001,ord_1813,5000.0,INR,captured,upi,40.0,7.2,0.0,customer_813@example.com,2026-08-20T04:32:00,2026-08-20T04:32:00
pay_0814,mer_001,ord_1814,8316.26,INR,captured,upi,66.53,11.98,0.0,customer_814@example.com,2026-08-19T06:52:00,2026-08-19T06:52:00
pay_0815,mer_001,ord_1815,7000.0,INR,captured,netbanking,105.0,18.9,0.0,customer_815@example.com,2026-08-27T05:03:00,2026-08-27T05:03:00
pay_0816,mer_001,ord_1816,8000.0,INR,captured,card,160.0,28.8,0.0,customer_816@example.com,2026-08-21T19:55:00,2026-08-21T19:55:00
pay_0817,mer_001,ord_1817,8000.0,INR,captured,upi,64.0,11.52,0.0,customer_817@example.com,2026-08-20T06:38:00,2026-08-20T06:38:00
pay_0818,mer_001,ord_1818,8000.0,INR,captured,upi,64.0,11.52,0.0,customer_818@example.com,2026-08-23T22:27:00,2026-08-23T22:27:00
pay_0819,mer_001,ord_1819,8000.0,INR,captured,card,160.0,28.8,0.0,customer_819@example.com,2026-08-20T06:35:00,2026-08-20T06:35:00
pay_0820,mer_001,ord_1820,2190.29,INR,captured,upi,17.52,3.15,0.0,customer_820@example.com,2026-08-29T11:20:00,2026-08-29T11:20:00
pay_0821,mer_001,ord_1821,2500.0,INR,captured,card,50.0,9.0,0.0,customer_821@example.com,2026-08-29T11:25:00,2026-08-29T11:25:00
pay_0822,mer_001,ord_1822,3273.08,INR,captured,upi,26.18,4.71,0.0,customer_822@example.com,2026-08-29T03:49:00,2026-08-29T03:49:00
pay_0823,mer_001,ord_1823,7365.11,INR,captured,card,147.3,26.51,0.0,customer_823@example.com,2026-08-20T19:53:00,2026-08-20T19:53:00
pay_0824,mer_001,ord_1824,7000.0,INR,captured,upi,56.0,10.08,0.0,customer_824@example.com,2026-08-16T14:13:00,2026-08-16T14:13:00
pay_0825,mer_001,ord_1825,10000.0,INR,captured,upi,80.0,14.4,0.0,customer_825@example.com,2026-08-26T12:20:00,2026-08-26T12:20:00
pay_0826,mer_001,ord_1826,12721.47,INR,captured,upi,101.77,18.32,0.0,customer_826@example.com,2026-08-26T20:52:00,2026-08-26T20:52:00
pay_0827,mer_001,ord_1827,1755.33,INR,captured,card,35.11,6.32,0.0,customer_827@example.com,2026-08-28T06:15:00,2026-08-28T06:15:00
pay_0828,mer_001,ord_1828,6014.22,INR,captured,upi,48.11,8.66,2405.69,customer_828@example.com,2026-08-18T23:24:00,2026-08-18T23:24:00
pay_0829,mer_001,ord_1829,5000.0,INR,captured,upi,40.0,7.2,0.0,customer_829@example.com,2026-08-28T14:58:00,2026-08-28T14:58:00
pay_0830,mer_001,ord_1830,1066.09,INR,captured,upi,8.53,1.54,0.0,customer_830@example.com,2026-08-17T00:30:00,2026-08-17T00:30:00
pay_0831,mer_001,ord_1831,4329.97,INR,captured,card,86.6,15.59,0.0,customer_831@example.com,2026-08-26T17:32:00,2026-08-26T17:32:00
pay_0832,mer_001,ord_1832,2500.0,INR,captured,upi,20.0,3.6,0.0,customer_832@example.com,2026-08-15T10:41:00,2026-08-15T10:41:00
pay_0833,mer_001,ord_1833,7000.0,INR,captured,upi,56.0,10.08,0.0,customer_833@example.com,2026-08-19T19:36:00,2026-08-19T19:36:00
pay_0834,mer_001,ord_1834,24484.3,INR,captured,card,489.69,88.14,0.0,customer_834@example.com,2026-08-25T22:50:00,2026-08-25T22:50:00
pay_0835,mer_001,ord_1835,10269.67,INR,captured,card,205.39,36.97,0.0,customer_835@example.com,2026-08-28T19:51:00,2026-08-28T19:51:00
pay_0836,mer_001,ord_1836,7000.0,INR,refunded,netbanking,105.0,18.9,7000.0,customer_836@example.com,2026-08-30T03:14:00,2026-08-30T03:14:00
pay_0837,mer_001,ord_1837,5866.02,INR,captured,wallet,46.93,8.45,0.0,customer_837@example.com,2026-08-18T17:44:00,2026-08-18T17:44:00
pay_0838,mer_001,ord_1838,18206.68,INR,captured,upi,145.65,26.22,0.0,customer_838@example.com,2026-08-20T14:36:00,2026-08-20T14:36:00
pay_0839,mer_001,ord_1839,10000.0,INR,captured,card,200.0,36.0,0.0,customer_839@example.com,2026-08-22T12:14:00,2026-08-22T12:14:00
pay_0840,mer_001,ord_1840,8000.0,INR,captured,card,160.0,28.8,0.0,customer_840@example.com,2026-08-21T13:27:00,2026-08-21T13:27:00
pay_0841,mer_001,ord_1841,5000.0,INR,captured,upi,40.0,7.2,0.0,customer_841@example.com,2026-08-21T13:01:00,2026-08-21T13:01:00
pay_0842,mer_001,ord_1842,2500.0,INR,refunded,upi,20.0,3.6,2500.0,customer_842@example.com,2026-08-25T23:05:00,2026-08-25T23:05:00
pay_0843,mer_001,ord_1843,7000.0,INR,captured,card,140.0,25.2,0.0,customer_843@example.com,2026-08-27T04:16:00,2026-08-27T04:16:00
pay_0844,mer_001,ord_1844,10000.0,INR,captured,netbanking,150.0,27.0,0.0,customer_844@example.com,2026-08-25T06:51:00,2026-08-25T06:51:00
pay_0845,mer_001,ord_1845,7000.0,INR,captured,upi,56.0,10.08,0.0,customer_845@example.com,2026-08-22T06:23:00,2026-08-22T06:23:00
pay_0846,mer_001,ord_1846,11049.33,INR,captured,upi,88.39,15.91,0.0,customer_846@example.com,2026-08-29T19:56:00,2026-08-29T19:56:00
pay_0847,mer_001,ord_1847,8000.0,INR,captured,upi,64.0,11.52,0.0,customer_847@example.com,2026-08-15T13:31:00,2026-08-15T13:31:00
pay_0848,mer_001,ord_1848,8000.0,INR,captured,netbanking,120.0,21.6,0.0,customer_848@example.com,2026-08-20T04:53:00,2026-08-20T04:53:00
pay_0849,mer_001,ord_1849,2500.0,INR,captured,card,50.0,9.0,0.0,customer_849@example.com,2026-08-22T13:35:00,2026-08-22T13:35:00
pay_0850,mer_001,ord_1850,8904.78,INR,captured,upi,71.24,12.82,0.0,customer_850@example.com,2026-08-17T10:30:00,2026-08-17T10:30:00
pay_0851,mer_001,ord_1851,10000.0,INR,captured,upi,80.0,14.4,0.0,customer_851@example.com,2026-08-21T07:35:00,2026-08-21T07:35:00
pay_0852,mer_001,ord_1852,7152.11,INR,captured,upi,57.22,10.3,0.0,customer_852@example.com,2026-08-18T18:11:00,2026-08-18T18:11:00
pay_0853,mer_001,ord_1853,5000.0,INR,captured,upi,40.0,7.2,0.0,customer_853@example.com,2026-08-16T01:49:00,2026-08-16T01:49:00
pay_0854,mer_001,ord_1854,2922.6,INR,captured,netbanking,43.84,7.89,0.0,customer_854@example.com,2026-08-15T18:43:00,2026-08-15T18:43:00
pay_0855,mer_001,ord_1855,4554.57,INR,captured,card,91.09,16.4,0.0,customer_855@example.com,2026-08-17T09:05:00,2026-08-17T09:05:00
pay_0856,mer_001,ord_1856,8000.0,INR,captured,upi,64.0,11.52,0.0,customer_856@example.com,2026-08-15T19:02:00,2026-08-15T19:02:00
pay_0857,mer_001,ord_1857,20436.27,INR,captured,upi,163.49,29.43,0.0,customer_857@example.com,2026-08-16T05:18:00,2026-08-16T05:18:00
pay_0858,mer_001,ord_1858,7000.0,INR,captured,upi,56.0,10.08,0.0,customer_858@example.com,2026-08-19T14:15:00,2026-08-19T14:15:00
pay_0859,mer_001,ord_1859,22489.88,INR,captured,upi,179.92,32.39,0.0,customer_859@example.com,2026-08-21T18:41:00,2026-08-21T18:41:00
pay_0860,mer_001,ord_1860,7000.0,INR,captured,card,140.0,25.2,0.0,customer_860@example.com,2026-08-29T18:57:00,2026-08-29T18:57:00
pay_0861,mer_001,ord_1861,5000.0,INR,captured,upi,40.0,7.2,0.0,customer_861@example.com,2026-08-29T21:30:00,2026-08-29T21:30:00
pay_0862,mer_001,ord_1862,2500.0,INR,captured,upi,20.0,3.6,0.0,customer_862@example.com,2026-08-22T05:27:00,2026-08-22T05:27:00
pay_0863,mer_001,ord_1863,19499.48,INR,captured,netbanking,292.49,52.65,0.0,customer_863@example.com,2026-08-24T05:41:00,2026-08-24T05:41:00
pay_0864,mer_001,ord_1864,10000.0,INR,captured,upi,80.0,14.4,0.0,customer_864@example.com,2026-08-18T06:57:00,2026-08-18T06:57:00
pay_0865,mer_001,ord_1865,4852.52,INR,captured,netbanking,72.79,13.1,0.0,customer_865@example.com,2026-08-23T12:32:00,2026-08-23T12:32:00
pay_0866,mer_001,ord_1866,8000.0,INR,captured,upi,64.0,11.52,0.0,customer_866@example.com,2026-08-24T11:49:00,2026-08-24T11:49:00
pay_0867,mer_001,ord_1867,11052.39,INR,captured,card,221.05,39.79,0.0,customer_867@example.com,2026-08-15T11:26:00,2026-08-15T11:26:00
pay_0868,mer_001,ord_1868,10000.0,INR,captured,upi,80.0,14.4,0.0,customer_868@example.com,2026-08-19T19:58:00,2026-08-19T19:58:00
pay_0869,mer_001,ord_1869,8000.0,INR,refunded,netbanking,120.0,21.6,8000.0,customer_869@example.com,2026-08-16T22:34:00,2026-08-16T22:34:00
pay_0870,mer_001,ord_1870,7000.0,INR,captured,netbanking,105.0,18.9,0.0,customer_870@example.com,2026-08-27T04:46:00,2026-08-27T04:46:00
pay_0871,mer_001,ord_1871,7000.0,INR,refunded,card,140.0,25.2,7000.0,customer_871@example.com,2026-08-16T13:08:00,2026-08-16T13:08:00
pay_0872,mer_001,ord_1872,5000.0,INR,captured,upi,40.0,7.2,0.0,customer_872@example.com,2026-08-18T05:15:00,2026-08-18T05:15:00
pay_0873,mer_001,ord_1873,8000.0,INR,refunded,card,160.0,28.8,8000.0,customer_873@example.com,2026-08-18T00:27:00,2026-08-18T00:27:00
pay_0874,mer_001,ord_1874,10000.0,INR,captured,upi,80.0,14.4,0.0,customer_874@example.com,2026-08-23T03:15:00,2026-08-23T03:15:00
pay_0875,mer_001,ord_1875,1595.8,INR,captured,upi,12.77,2.3,0.0,customer_875@example.com,2026-08-29T07:27:00,2026-08-29T07:27:00
pay_0876,mer_001,ord_1876,8000.0,INR,captured,upi,64.0,11.52,0.0,customer_876@example.com,2026-08-22T00:32:00,2026-08-22T00:32:00
pay_0877,mer_001,ord_1877,10000.0,INR,captured,upi,80.0,14.4,0.0,customer_877@example.com,2026-08-16T01:01:00,2026-08-16T01:01:00
pay_0878,mer_001,ord_1878,7000.0,INR,captured,netbanking,105.0,18.9,0.0,customer_878@example.com,2026-08-17T00:39:00,2026-08-17T00:39:00
pay_0879,mer_001,ord_1879,8000.0,INR,captured,card,160.0,28.8,0.0,customer_879@example.com,2026-08-22T20:28:00,2026-08-22T20:28:00
pay_0880,mer_001,ord_1880,10000.0,INR,captured,upi,80.0,14.4,0.0,customer_880@example.com,2026-08-20T08:45:00,2026-08-20T08:45:00
pay_0881,mer_001,ord_1881,2500.0,INR,captured,card,50.0,9.0,0.0,customer_881@example.com,2026-08-27T14:39:00,2026-08-27T14:39:00
pay_0882,mer_001,ord_1882,16209.13,INR,captured,upi,129.67,23.34,0.0,customer_882@example.com,2026-08-25T00:06:00,2026-08-25T00:06:00
pay_0883,mer_001,ord_1883,2380.41,INR,captured,wallet,19.04,3.43,0.0,customer_883@example.com,2026-08-20T17:22:00,2026-08-20T17:22:00
pay_0884,mer_001,ord_1884,7227.04,INR,captured,upi,57.82,10.41,0.0,customer_884@example.com,2026-08-17T04:14:00,2026-08-17T04:14:00
pay_0885,mer_001,ord_1885,2500.0,INR,captured,card,50.0,9.0,0.0,customer_885@example.com,2026-08-28T02:17:00,2026-08-28T02:17:00
pay_0886,mer_001,ord_1886,7305.33,INR,captured,card,146.11,26.3,0.0,customer_886@example.com,2026-08-29T23:51:00,2026-08-29T23:51:00
pay_0887,mer_001,ord_1887,3110.12,INR,captured,card,62.2,11.2,0.0,customer_887@example.com,2026-08-16T01:06:00,2026-08-16T01:06:00
pay_0888,mer_001,ord_1888,8000.0,INR,captured,card,160.0,28.8,0.0,customer_888@example.com,2026-08-28T01:31:00,2026-08-28T01:31:00
pay_0889,mer_001,ord_1889,13688.33,INR,captured,upi,109.51,19.71,0.0,customer_889@example.com,2026-08-18T23:26:00,2026-08-18T23:26:00
pay_0890,mer_001,ord_1890,8000.0,INR,captured,upi,64.0,11.52,0.0,customer_890@example.com,2026-08-16T17:23:00,2026-08-16T17:23:00
pay_0891,mer_001,ord_1891,7000.0,INR,captured,card,140.0,25.2,0.0,customer_891@example.com,2026-08-17T22:26:00,2026-08-17T22:26:00
pay_0892,mer_001,ord_1892,2500.0,INR,captured,netbanking,37.5,6.75,1000.0,customer_892@example.com,2026-08-22T13:49:00,2026-08-22T13:49:00
pay_0893,mer_001,ord_1893,13351.68,INR,captured,upi,106.81,19.23,0.0,customer_893@example.com,2026-08-21T10:42:00,2026-08-21T10:42:00
pay_0894,mer_001,ord_1894,8000.0,INR,captured,upi,64.0,11.52,0.0,customer_894@example.com,2026-08-30T06:44:00,2026-08-30T06:44:00
pay_0895,mer_001,ord_1895,1039.08,INR,captured,card,20.78,3.74,0.0,customer_895@example.com,2026-08-30T01:39:00,2026-08-30T01:39:00
pay_0896,mer_001,ord_1896,10000.0,INR,captured,card,200.0,36.0,0.0,customer_896@example.com,2026-08-30T05:25:00,2026-08-30T05:25:00
pay_0897,mer_001,ord_1897,7000.0,INR,captured,card,140.0,25.2,0.0,customer_897@example.com,2026-08-26T13:33:00,2026-08-26T13:33:00
pay_0898,mer_001,ord_1898,2500.0,INR,captured,card,50.0,9.0,0.0,customer_898@example.com,2026-08-17T09:01:00,2026-08-17T09:01:00
pay_0899,mer_001,ord_1899,8000.0,INR,captured,card,160.0,28.8,0.0,customer_899@example.com,2026-08-23T12:46:00,2026-08-23T12:46:00
pay_0900,mer_001,ord_1900,1183.26,INR,captured,card,23.67,4.26,0.0,customer_900@example.com,2026-08-16T23:19:00,2026-08-16T23:19:00
pay_0901,mer_001,ord_1901,5000.0,INR,captured,upi,40.0,7.2,0.0,customer_901@example.com,2026-08-20T06:50:00,2026-08-20T06:50:00
pay_0902,mer_001,ord_1902,5000.0,INR,captured,upi,40.0,7.2,0.0,customer_902@example.com,2026-08-24T03:12:00,2026-08-24T03:12:00
pay_0903,mer_001,ord_1903,7000.0,INR,captured,upi,56.0,10.08,0.0,customer_903@example.com,2026-08-15T22:56:00,2026-08-15T22:56:00
pay_0904,mer_001,ord_1904,7000.0,INR,captured,upi,56.0,10.08,0.0,customer_904@example.com,2026-08-23T21:55:00,2026-08-23T21:55:00
pay_0905,mer_001,ord_1905,10000.0,INR,captured,card,200.0,36.0,0.0,customer_905@example.com,2026-08-21T14:09:00,2026-08-21T14:09:00
pay_0906,mer_001,ord_1906,5017.42,INR,captured,card,100.35,18.06,0.0,customer_906@example.com,2026-08-23T00:02:00,2026-08-23T00:02:00
pay_0907,mer_001,ord_1907,7000.0,INR,captured,upi,56.0,10.08,0.0,customer_907@example.com,2026-08-21T03:18:00,2026-08-21T03:18:00
pay_0908,mer_001,ord_1908,8000.0,INR,captured,upi,64.0,11.52,0.0,customer_908@example.com,2026-08-15T13:09:00,2026-08-15T13:09:00
pay_0909,mer_001,ord_1909,8000.0,INR,captured,upi,64.0,11.52,3200.0,customer_909@example.com,2026-08-29T08:31:00,2026-08-29T08:31:00
pay_0910,mer_001,ord_1910,8000.0,INR,captured,upi,64.0,11.52,0.0,customer_910@example.com,2026-08-29T19:50:00,2026-08-29T19:50:00
pay_0911,mer_001,ord_1911,10257.76,INR,captured,upi,82.06,14.77,0.0,customer_911@example.com,2026-08-22T23:42:00,2026-08-22T23:42:00
pay_0912,mer_001,ord_1912,7000.0,INR,captured,upi,56.0,10.08,0.0,customer_912@example.com,2026-08-29T21:21:00,2026-08-29T21:21:00
pay_0913,mer_001,ord_1913,7395.24,INR,captured,netbanking,110.93,19.97,0.0,customer_913@example.com,2026-08-26T09:36:00,2026-08-26T09:36:00
pay_0914,mer_001,ord_1914,4198.66,INR,captured,upi,33.59,6.05,0.0,customer_914@example.com,2026-08-25T02:36:00,2026-08-25T02:36:00
pay_0915,mer_001,ord_1915,2410.31,INR,captured,upi,19.28,3.47,0.0,customer_915@example.com,2026-08-30T02:11:00,2026-08-30T02:11:00
pay_0916,mer_001,ord_1916,10000.0,INR,captured,upi,80.0,14.4,0.0,customer_916@example.com,2026-08-24T04:20:00,2026-08-24T04:20:00
pay_0917,mer_001,ord_1917,7000.0,INR,captured,upi,56.0,10.08,0.0,customer_917@example.com,2026-08-16T01:20:00,2026-08-16T01:20:00
pay_0918,mer_001,ord_1918,8000.0,INR,captured,upi,64.0,11.52,0.0,customer_918@example.com,2026-08-19T11:09:00,2026-08-19T11:09:00
pay_0919,mer_001,ord_1919,2500.0,INR,captured,upi,20.0,3.6,0.0,customer_919@example.com,2026-08-26T10:19:00,2026-08-26T10:19:00
pay_0920,mer_001,ord_1920,7000.0,INR,captured,netbanking,105.0,18.9,0.0,customer_920@example.com,2026-08-29T12:03:00,2026-08-29T12:03:00
pay_0921,mer_001,ord_1921,7000.0,INR,captured,netbanking,105.0,18.9,0.0,customer_921@example.com,2026-08-19T10:20:00,2026-08-19T10:20:00
pay_0922,mer_001,ord_1922,5000.0,INR,captured,netbanking,75.0,13.5,0.0,customer_922@example.com,2026-08-15T17:35:00,2026-08-15T17:35:00
pay_0923,mer_001,ord_1923,17430.03,INR,captured,upi,139.44,25.1,0.0,customer_923@example.com,2026-08-21T23:05:00,2026-08-21T23:05:00
pay_0924,mer_001,ord_1924,10420.24,INR,captured,card,208.4,37.51,0.0,customer_924@example.com,2026-08-23T22:58:00,2026-08-23T22:58:00
pay_0925,mer_001,ord_1925,8000.0,INR,captured,card,160.0,28.8,0.0,customer_925@example.com,2026-08-17T09:03:00,2026-08-17T09:03:00
pay_0926,mer_001,ord_1926,7000.0,INR,captured,wallet,56.0,10.08,0.0,customer_926@example.com,2026-08-29T05:13:00,2026-08-29T05:13:00
pay_0927,mer_001,ord_1927,2750.17,INR,captured,upi,22.0,3.96,0.0,customer_927@example.com,2026-08-22T07:07:00,2026-08-22T07:07:00
pay_0928,mer_001,ord_1928,5000.0,INR,captured,upi,40.0,7.2,0.0,customer_928@example.com,2026-08-27T19:56:00,2026-08-27T19:56:00
pay_0929,mer_001,ord_1929,10000.0,INR,captured,upi,80.0,14.4,0.0,customer_929@example.com,2026-08-25T19:21:00,2026-08-25T19:21:00
pay_0930,mer_001,ord_1930,23538.31,INR,refunded,upi,188.31,33.9,23538.31,customer_930@example.com,2026-08-16T04:30:00,2026-08-16T04:30:00
pay_0931,mer_001,ord_1931,10000.0,INR,captured,card,200.0,36.0,0.0,customer_931@example.com,2026-08-23T11:50:00,2026-08-23T11:50:00
pay_0932,mer_001,ord_1932,10000.0,INR,captured,card,200.0,36.0,0.0,customer_932@example.com,2026-08-20T21:52:00,2026-08-20T21:52:00
pay_0933,mer_001,ord_1933,1212.18,INR,captured,upi,9.7,1.75,484.87,customer_933@example.com,2026-08-20T15:28:00,2026-08-20T15:28:00
pay_0934,mer_001,ord_1934,5000.0,INR,captured,upi,40.0,7.2,0.0,customer_934@example.com,2026-08-25T05:19:00,2026-08-25T05:19:00
pay_0935,mer_001,ord_1935,864.41,INR,captured,upi,6.92,1.25,0.0,customer_935@example.com,2026-08-30T07:45:00,2026-08-30T07:45:00
pay_0936,mer_001,ord_1936,7913.45,INR,captured,netbanking,118.7,21.37,0.0,customer_936@example.com,2026-08-25T01:31:00,2026-08-25T01:31:00
pay_0937,mer_001,ord_1937,19426.98,INR,captured,upi,155.42,27.98,0.0,customer_937@example.com,2026-08-18T08:04:00,2026-08-18T08:04:00
pay_0938,mer_001,ord_1938,8000.0,INR,captured,upi,64.0,11.52,0.0,customer_938@example.com,2026-08-25T09:44:00,2026-08-25T09:44:00
pay_0939,mer_001,ord_1939,1690.36,INR,captured,netbanking,25.36,4.56,0.0,customer_939@example.com,2026-08-26T06:41:00,2026-08-26T06:41:00
pay_0940,mer_001,ord_1940,8000.0,INR,captured,upi,64.0,11.52,0.0,customer_940@example.com,2026-08-23T23:31:00,2026-08-23T23:31:00
pay_0941,mer_001,ord_1941,8000.0,INR,refunded,netbanking,120.0,21.6,8000.0,customer_941@example.com,2026-08-23T23:20:00,2026-08-23T23:20:00
pay_0942,mer_001,ord_1942,5000.0,INR,captured,wallet,40.0,7.2,0.0,customer_942@example.com,2026-08-21T11:58:00,2026-08-21T11:58:00
pay_0943,mer_001,ord_1943,4209.43,INR,captured,upi,33.68,6.06,0.0,customer_943@example.com,2026-08-21T09:37:00,2026-08-21T09:37:00
pay_0944,mer_001,ord_1944,10000.0,INR,captured,upi,80.0,14.4,0.0,customer_944@example.com,2026-08-20T10:52:00,2026-08-20T10:52:00
pay_0945,mer_001,ord_1945,10000.0,INR,captured,card,200.0,36.0,0.0,customer_945@example.com,2026-08-25T23:37:00,2026-08-25T23:37:00
pay_0946,mer_001,ord_1946,7541.93,INR,captured,card,150.84,27.15,0.0,customer_946@example.com,2026-08-15T23:03:00,2026-08-15T23:03:00
pay_0947,mer_001,ord_1947,1714.99,INR,captured,upi,13.72,2.47,0.0,customer_947@example.com,2026-08-21T21:06:00,2026-08-21T21:06:00
pay_0948,mer_001,ord_1948,1263.33,INR,captured,upi,10.11,1.82,0.0,customer_948@example.com,2026-08-22T22:56:00,2026-08-22T22:56:00
pay_0949,mer_001,ord_1949,612.68,INR,captured,upi,4.9,0.88,0.0,customer_949@example.com,2026-08-21T03:12:00,2026-08-21T03:12:00
pay_0950,mer_001,ord_1950,5000.0,INR,captured,netbanking,75.0,13.5,0.0,customer_950@example.com,2026-08-18T05:32:00,2026-08-18T05:32:00
pay_0951,mer_001,ord_1951,5000.0,INR,captured,upi,40.0,7.2,0.0,customer_951@example.com,2026-08-15T10:08:00,2026-08-15T10:08:00
pay_0952,mer_001,ord_1952,8000.0,INR,captured,upi,64.0,11.52,0.0,customer_952@example.com,2026-08-23T13:09:00,2026-08-23T13:09:00
pay_0953,mer_001,ord_1953,24494.61,INR,captured,upi,195.96,35.27,0.0,customer_953@example.com,2026-08-24T02:54:00,2026-08-24T02:54:00
pay_0954,mer_001,ord_1954,5000.0,INR,captured,card,100.0,18.0,0.0,customer_954@example.com,2026-08-20T15:42:00,2026-08-20T15:42:00
pay_0955,mer_001,ord_1955,2500.0,INR,captured,upi,20.0,3.6,0.0,customer_955@example.com,2026-08-21T19:10:00,2026-08-21T19:10:00
pay_0956,mer_001,ord_1956,2239.82,INR,captured,upi,17.92,3.23,0.0,customer_956@example.com,2026-08-26T16:29:00,2026-08-26T16:29:00
pay_0957,mer_001,ord_1957,2500.0,INR,captured,card,50.0,9.0,0.0,customer_957@example.com,2026-08-21T15:25:00,2026-08-21T15:25:00
pay_0958,mer_001,ord_1958,2478.74,INR,captured,upi,19.83,3.57,0.0,customer_958@example.com,2026-08-17T18:28:00,2026-08-17T18:28:00
pay_0959,mer_001,ord_1959,1629.94,INR,captured,upi,13.04,2.35,0.0,customer_959@example.com,2026-08-19T14:14:00,2026-08-19T14:14:00
pay_0960,mer_001,ord_1960,17426.58,INR,captured,upi,139.41,25.09,0.0,customer_960@example.com,2026-08-17T17:58:00,2026-08-17T17:58:00
pay_0961,mer_001,ord_1961,3254.84,INR,captured,upi,26.04,4.69,0.0,customer_961@example.com,2026-08-18T18:29:00,2026-08-18T18:29:00
pay_0962,mer_001,ord_1962,7000.0,INR,captured,netbanking,105.0,18.9,0.0,customer_962@example.com,2026-08-16T12:09:00,2026-08-16T12:09:00
pay_0963,mer_001,ord_1963,2500.0,INR,captured,upi,20.0,3.6,0.0,customer_963@example.com,2026-08-22T05:15:00,2026-08-22T05:15:00
pay_0964,mer_001,ord_1964,8000.0,INR,captured,card,160.0,28.8,0.0,customer_964@example.com,2026-08-20T16:03:00,2026-08-20T16:03:00
pay_0965,mer_001,ord_1965,10000.0,INR,captured,upi,80.0,14.4,0.0,customer_965@example.com,2026-08-17T00:50:00,2026-08-17T00:50:00
pay_0966,mer_001,ord_1966,2500.0,INR,captured,upi,20.0,3.6,0.0,customer_966@example.com,2026-08-22T14:20:00,2026-08-22T14:20:00
pay_0967,mer_001,ord_1967,10000.0,INR,captured,upi,80.0,14.4,0.0,customer_967@example.com,2026-08-22T05:58:00,2026-08-22T05:58:00
pay_0968,mer_001,ord_1968,10000.0,INR,captured,netbanking,150.0,27.0,0.0,customer_968@example.com,2026-08-21T15:19:00,2026-08-21T15:19:00
pay_0969,mer_001,ord_1969,8000.0,INR,captured,upi,64.0,11.52,0.0,customer_969@example.com,2026-08-17T11:18:00,2026-08-17T11:18:00
pay_0970,mer_001,ord_1970,2500.0,INR,captured,upi,20.0,3.6,0.0,customer_970@example.com,2026-08-22T22:26:00,2026-08-22T22:26:00
pay_0971,mer_001,ord_1971,10000.0,INR,captured,upi,80.0,14.4,0.0,customer_971@example.com,2026-08-25T11:22:00,2026-08-25T11:22:00
pay_0972,mer_001,ord_1972,5259.71,INR,captured,card,105.19,18.93,0.0,customer_972@example.com,2026-08-29T16:06:00,2026-08-29T16:06:00
pay_0973,mer_001,ord_1973,2500.0,INR,captured,upi,20.0,3.6,0.0,customer_973@example.com,2026-08-27T06:54:00,2026-08-27T06:54:00
pay_0974,mer_001,ord_1974,8000.0,INR,captured,upi,64.0,11.52,0.0,customer_974@example.com,2026-08-19T18:52:00,2026-08-19T18:52:00
pay_0975,mer_001,ord_1975,2493.37,INR,captured,upi,19.95,3.59,0.0,customer_975@example.com,2026-08-23T13:55:00,2026-08-23T13:55:00
pay_0976,mer_001,ord_1976,10000.0,INR,captured,card,200.0,36.0,0.0,customer_976@example.com,2026-08-22T19:50:00,2026-08-22T19:50:00
pay_0977,mer_001,ord_1977,7000.0,INR,captured,upi,56.0,10.08,0.0,customer_977@example.com,2026-08-23T02:01:00,2026-08-23T02:01:00
pay_0978,mer_001,ord_1978,1612.77,INR,captured,upi,12.9,2.32,0.0,customer_978@example.com,2026-08-25T20:21:00,2026-08-25T20:21:00
pay_0979,mer_001,ord_1979,8000.0,INR,captured,upi,64.0,11.52,0.0,customer_979@example.com,2026-08-16T03:50:00,2026-08-16T03:50:00
pay_0980,mer_001,ord_1980,7000.0,INR,captured,wallet,56.0,10.08,0.0,customer_980@example.com,2026-08-18T21:04:00,2026-08-18T21:04:00
pay_0981,mer_001,ord_1981,10000.0,INR,captured,upi,80.0,14.4,0.0,customer_981@example.com,2026-08-19T11:10:00,2026-08-19T11:10:00
pay_0982,mer_001,ord_1982,10000.0,INR,captured,upi,80.0,14.4,0.0,customer_982@example.com,2026-08-18T11:58:00,2026-08-18T11:58:00
pay_0983,mer_001,ord_1983,3781.72,INR,captured,upi,30.25,5.44,0.0,customer_983@example.com,2026-08-21T01:00:00,2026-08-21T01:00:00
pay_0984,mer_001,ord_1984,4759.74,INR,captured,upi,38.08,6.85,0.0,customer_984@example.com,2026-08-22T00:47:00,2026-08-22T00:47:00
pay_0985,mer_001,ord_1985,5000.0,INR,captured,upi,40.0,7.2,0.0,customer_985@example.com,2026-08-29T07:42:00,2026-08-29T07:42:00
pay_0986,mer_001,ord_1986,10000.0,INR,captured,upi,80.0,14.4,0.0,customer_986@example.com,2026-08-15T13:28:00,2026-08-15T13:28:00
pay_0987,mer_001,ord_1987,10000.0,INR,captured,upi,80.0,14.4,0.0,customer_987@example.com,2026-08-24T10:47:00,2026-08-24T10:47:00
pay_0988,mer_001,ord_1988,8000.0,INR,captured,upi,64.0,11.52,0.0,customer_988@example.com,2026-08-28T14:26:00,2026-08-28T14:26:00
pay_0989,mer_001,ord_1989,15783.08,INR,captured,card,315.66,56.82,0.0,customer_989@example.com,2026-08-16T21:44:00,2026-08-16T21:44:00
pay_0990,mer_001,ord_1990,8000.0,INR,captured,card,160.0,28.8,0.0,customer_990@example.com,2026-08-17T07:46:00,2026-08-17T07:46:00
pay_0991,mer_001,ord_1991,5214.18,INR,captured,wallet,41.71,7.51,0.0,customer_991@example.com,2026-08-16T12:32:00,2026-08-16T12:32:00
pay_0992,mer_001,ord_1992,1084.63,INR,captured,upi,8.68,1.56,0.0,customer_992@example.com,2026-08-17T05:44:00,2026-08-17T05:44:00
pay_0993,mer_001,ord_1993,5000.0,INR,captured,upi,40.0,7.2,0.0,customer_993@example.com,2026-08-15T17:07:00,2026-08-15T17:07:00
pay_0994,mer_001,ord_1994,10000.0,INR,captured,upi,80.0,14.4,0.0,customer_994@example.com,2026-08-24T06:15:00,2026-08-24T06:15:00
pay_0995,mer_001,ord_1995,12745.41,INR,captured,upi,101.96,18.35,0.0,customer_995@example.com,2026-08-16T04:06:00,2026-08-16T04:06:00
pay_0996,mer_001,ord_1996,660.72,INR,captured,card,13.21,2.38,0.0,customer_996@example.com,2026-08-17T23:22:00,2026-08-17T23:22:00
pay_0997,mer_001,ord_1997,10000.0,INR,captured,card,200.0,36.0,0.0,customer_997@example.com,2026-08-29T05:51:00,2026-08-29T05:51:00
pay_0998,mer_001,ord_1998,8000.0,INR,captured,upi,64.0,11.52,0.0,customer_998@example.com,2026-08-24T09:03:00,2026-08-24T09:03:00
pay_0999,mer_001,ord_1999,5000.0,INR,captured,upi,40.0,7.2,0.0,customer_999@example.com,2026-08-15T22:01:00,2026-08-15T22:01:00
pay_1000,mer_001,ord_2000,5000.0,INR,captured,wallet,40.0,7.2,0.0,customer_1000@example.com,2026-08-17T06:10:00,2026-08-17T06:10:00
